code,client,latitude,longitude,surface_area,seeding_date,crop,disabled,geometry
PLOT00017,CLIENT00308,43.639864,1.903496,0.7,2026-04-23,Maïs semence,False,"POLYGON((1.90538533 43.63876273,1.90568006 43.63804486,1.90573123 43.63802171,1.90576992 43.6380797,1.90717468 43.64030586,1.90672026 43.64033759,1.90634955 43.64041259,1.90538533 43.63876273))"
PLOT00018,CLIENT00308,43.638865,1.896284,2.2,2026-04-23,Maïs semence,False,"POLYGON((1.8936319624 43.6390100101,1.8937677828 43.6388761033,1.8942170776134 43.638616975198,1.8944517957056 43.638202554455,1.8972993608026 43.638760834166,1.8972059 43.63955032,1.89714125 43.63967709,1.89632055 43.63951013,1.8936319624 43.6390100101))"
PLOT00019,CLIENT00308,43.101906,1.952009,0.5,2026-05-09,Maïs semence,False,"POLYGON((1.952876154 43.10085209,1.952480407 43.101625153,1.952096852 43.102101042,1.951391431 43.102686595,1.951190265 43.102449632,1.951678427 43.102050124,1.952239009 43.101188429,1.952696208 43.10084418,1.952876154 43.10085209))"
PLOT00020,CLIENT00308,43.082361,1.956043,0.12,2026-04-29,Maïs semence,False,"POLYGON((1.955839773496 43.082546082871,1.955839773496 43.082240477167,1.9562581981024 43.082232641103,1.9562260115942 43.082561754917,1.955839773496 43.082546082871))"
PLOT00038,CLIENT00308,43.454837,1.953123,15,2026-05-09,Maïs semence,False,"POLYGON((1.94888173 43.4571791,1.94867463 43.4569741,1.94822277 43.45694676,1.94918298 43.45586708,1.95027498 43.45496505,1.95142346 43.45384432,1.95208243 43.45348896,1.9534945 43.4530516,1.95426643 43.45292859,1.95522664 43.45280558,1.95565967 43.4526279,1.95739182 43.45275091,1.9506327 43.4579171,1.95014318 43.45782143,1.9489947 43.4574661,1.94888173 43.4571791))"
PLOT00042,CLIENT00308,44.030538,1.571753,4,2026-04-30,Maïs semence,False,"POLYGON((1.5704812576721 44.030598492607,1.5706222576721 44.030497402581,1.5710652676721 44.030179762498,1.5715379176721 44.02984029241,1.5735676476721 44.030555002596,1.5732379576721 44.030940762696,1.5731834176721 44.031004572713,1.5728275776721 44.031420942821,1.5716751476721 44.031016982716,1.5714254876721 44.031428902823,1.5700370476721 44.031005572713,1.5704812576721 44.030598492607))"
PLOT00045,CLIENT00308,43.091197,1.975655,1.6,2026-05-11,Maïs semence,False,"POLYGON((1.97514915 43.09288869,1.97485229 43.09264547,1.97432407 43.0921717,1.97481121 43.09208889,1.97563785 43.09191384,1.97588872 43.0922491,1.97617216 43.09256532,1.97664131 43.09291959,1.97585939 43.0931526,1.97557595 43.09304561,1.97514915 43.09288869))"
PLOT00046,CLIENT00308,43.091165,1.969084,1.4,2026-05-12,Maïs semence,False,"MULTIPOLYGON(((1.96737093 43.09069851,1.96691332 43.08999698,1.96770421 43.08971906,1.9682231 43.09016494,1.96851723 43.09044886,1.96737093 43.09069851)),((1.96852457 43.09047302,1.96885524 43.09078709,1.96756198 43.09102869,1.96739297 43.09072267,1.96852457 43.09047302)),((1.96953287 43.09109335,1.96945755 43.09238516,1.96878801 43.09206144,1.96887171 43.09185378,1.96898469 43.09176522,1.96918136 43.09115138,1.96953287 43.09109335)))"
PLOT00047,CLIENT00308,43.098756,1.959214,2.4,2026-05-08,Maïs semence,False,"MULTIPOLYGON(((1.96182613 43.09775837,1.96183486 43.09778005,1.96185161 43.09779985,1.9621551 43.09828934,1.96190228 43.09845907,1.96125507 43.098769,1.9604764 43.09893872,1.95988987 43.09902728,1.95994997 43.09835489,1.96026053 43.09830509,1.96070364 43.09815014,1.96151198 43.09764218,1.96174622 43.09762763,1.96175158 43.09763296,1.96182138 43.09775064,1.96182613 43.09775837)),((1.95878467 43.09889924,1.95934045 43.09883497,1.95867759 43.1002846,1.95871559 43.10075032,1.95888025 43.10072873,1.95890558 43.10025684,1.95954212 43.09879136,1.95979789 43.09876153,1.95982931 43.09879883,1.95942873 43.09951033,1.95910277 43.10020462,1.95908314 43.10070668,1.9583998 43.1008616,1.95821522 43.10060913,1.95818773 43.10024765,1.958227 43.10000953,1.95878467 43.09889924)))"
PLOT00048,CLIENT00308,43.096534,1.964779,2.6,2026-05-11,Maïs semence,False,"MULTIPOLYGON(((1.96712294 43.097624,1.96532123 43.09703097,1.96563554 43.09669648,1.96574691 43.09655907,1.965836 43.09651567,1.96741992 43.09703458,1.96712294 43.097624)),((1.96531875 43.09525359,1.96565817 43.09545522,1.96635287 43.09598592,1.96556618 43.09656529,1.96528212 43.09681775,1.9643023 43.09615329,1.9645606 43.09599519,1.9646526 43.09590018,1.96463674 43.09583297,1.96531875 43.09525359)))"
PLOT00049,CLIENT00308,43.087355,1.965637,1.2,2026-05-12,Maïs semence,False,"MULTIPOLYGON(((1.96382889 43.08536471,1.96390449 43.08516645,1.96385641 43.08502503,1.96363906 43.08487422,1.96333382 43.08477168,1.96464835 43.08431393,1.96487533 43.0844842,1.96493838 43.08468208,1.96491946 43.08482244,1.96545538 43.08524121,1.96390268 43.08622715,1.96382889 43.08536471)),((1.96602934 43.08679641,1.96556453 43.08696504,1.96526873 43.08648053,1.9657043 43.08615752,1.96602934 43.08679641)),((1.96421785 43.08625838,1.96481439 43.08587751,1.96541094 43.08558974,1.96548623 43.08603409,1.96488389 43.08635149,1.96464644 43.08673659,1.9645306 43.08703705,1.96420627 43.08693548,1.96404989 43.08678314,1.96421785 43.08625838)))"
PLOT00050,CLIENT00308,43.100613,1.965064,3.2,2026-05-20,Maïs semence,False,"MULTIPOLYGON(((1.96678329 43.10088553,1.96654577 43.10103976,1.96622578 43.10108796,1.9661829 43.10079154,1.96678329 43.10088553)),((1.96329617 43.10092443,1.96326708 43.10075799,1.96412027 43.1004676,1.96607873 43.10009222,1.96605449 43.10025512,1.96575878 43.10051364,1.96516309 43.10059923,1.96329617 43.10092443)),((1.96591391 43.1012396,1.96538066 43.10139896,1.9650995 43.1008961,1.96335918 43.10125022,1.96329132 43.10094213,1.96507526 43.10064821,1.96575878 43.10055259,1.96591391 43.1012396)),((1.96654318 43.10003991,1.96710159 43.10009573,1.96734847 43.10019449,1.96783634 43.10040489,1.96720152 43.10067112,1.96683708 43.10086864,1.96615524 43.100757,1.96606707 43.10052083,1.96625516 43.10039631,1.96633158 43.10021596,1.96654318 43.10003991)))"
PLOT00051,CLIENT00308,43.088141,1.960214,0.8,2026-05-13,Maïs semence,False,"POLYGON((1.95873381 43.0886621,1.95868026 43.08865237,1.95870965 43.08858727,1.95956727 43.0884906,1.96153688 43.08791405,1.9615153 43.08782622,1.95987242 43.08831043,1.95952103 43.08840952,1.95876033 43.08847499,1.95879383 43.08840076,1.95931586 43.08832046,1.95965473 43.08825756,1.96025186 43.08805011,1.96087281 43.08786943,1.96160916 43.08764592,1.96172473 43.08789472,1.96045966 43.08831968,1.95995698 43.08846032,1.95932445 43.08861012,1.95873381 43.0886621))"
PLOT00061,CLIENT00308,44.136592,1.367186,4.5,2026-05-03,Maïs semence,False,"MULTIPOLYGON(((1.37182223 44.13658436,1.37039961 44.13695305,1.36977227 44.13700622,1.36977134 44.13700634,1.36958044 44.13630329,1.36959939 44.13630429,1.37014275 44.13626175,1.37032551 44.13661626,1.37173331 44.13632911,1.37182223 44.13658436)),((1.3683854 44.13623998,1.3684435 44.13719041,1.3660873 44.1373111,1.3658255 44.13712321,1.3654574 44.13675028,1.36514498 44.1364323,1.36513098 44.13612434,1.3654213 44.1361520999,1.36573446 44.1361708199,1.36685294 44.13627239,1.3683854 44.13623998)))"
PLOT00077,CLIENT00308,43.931793,1.377403,12,2026-04-24,Maïs semence,False,"POLYGON((1.37432098 43.9312699,1.37619209 43.92955148,1.37841511 43.93089825,1.37827778 43.93100952,1.37995148 43.93205647,1.38100719 43.93269081,1.3791275 43.93429171,1.37778854 43.93351522,1.37635147 43.93256754,1.37432098 43.9312699))"
PLOT00079,CLIENT00308,43.843686,1.436039,19.46,2026-05-13,Maïs semence,False,"MULTIPOLYGON(((1.43696185 43.84293491,1.43696571 43.84293808,1.4372209 43.84316051,1.43765691 43.84354176,1.4379655 43.84378579,1.43869352 43.84448392,1.4387257 43.84482439,1.43871497 43.84517259,1.43858623 43.84556722,1.43804979 43.84618623,1.43728959 43.8466812,1.43616491 43.84568467,1.43638598 43.84545359,1.43652212 43.84528406,1.4332875 43.8430208,1.43317157 43.8429145,1.43266758 43.84239632,1.43363742 43.84198687,1.43560496 43.8411562,1.43560527 43.84115568,1.43561909 43.84114985,1.43563645 43.84112104,1.43571918 43.84114475,1.43566608 43.84123335,1.43646192 43.84254169,1.43695158 43.84294443,1.43696185 43.84293491)),((1.43038037 43.84293585,1.43038207 43.84293772,1.43076831 43.84268236,1.43202679 43.84194703,1.43255701 43.84256958,1.4327552 43.84320817,1.43195581 43.84378751,1.43106531 43.84441428,1.43083319 43.84455886,1.43063699 43.84463399,1.43022746 43.84462555,1.42977052 43.84451626,1.42924458 43.84407702,1.42848306 43.84321629,1.42857962 43.84274427,1.42883505 43.84251578,1.42855423 43.84227948,1.42848402 43.84206006,1.4287035 43.84181011,1.42924215 43.84166132,1.42956328 43.8418762,1.43007826 43.84262681,1.43036794 43.84294407,1.43038037 43.84293585)))"
PLOT00083,CLIENT00308,43.198788,1.552698,1,2026-04-25,Maïs semence,False,"POLYGON((1.55541315 43.19954597,1.55521305 43.19932854,1.55509735 43.19919381,1.55492478 43.19901552,1.55460309 43.19866748,1.55435169 43.19839529,1.55425643 43.19829199,1.55426405 43.19826978,1.55525973 43.19805443,1.55585828 43.198641,1.55585533 43.19873033,1.55627379 43.1990817,1.55607571 43.19949641,1.55583407 43.20000017,1.55541315 43.19954597))"
PLOT00088,CLIENT00308,43.140053,1.37593,6.4,2026-05-09,Maïs semence,False,"POLYGON((1.37380502 43.14322546,1.37379191 43.14323402,1.37323093 43.14360041,1.37281036 43.14375697,1.37238121 43.14373192,1.37189198 43.14352526,1.37133408 43.14326849,1.3710165 43.1429491,1.37075901 43.14269233,1.37048435 43.14261718,1.37069893 43.14223515,1.37093925 43.14160262,1.37097359 43.14107654,1.37105942 43.1405943,1.37120533 43.14033752,1.37178898 43.14055046,1.3720133 43.14058728,1.37256048 43.14056379,1.373054 43.14032893,1.37339732 43.14024282,1.37348843 43.14011206,1.37348843 43.14003064,1.37347126 43.13994296,1.37347984 43.13986154,1.37285328 43.13990538,1.37267303 43.13979891,1.37253571 43.13962355,1.37235546 43.13956092,1.37203789 43.13937303,1.37184906 43.1390724,1.37173748 43.13882814,1.37305927 43.13842731,1.37382317 43.1381392,1.37366009 43.13787615,1.37372017 43.13763189,1.37409782 43.13820184,1.37428665 43.13850873,1.37610197 43.1378143,1.37564707 43.13719112,1.37528229 43.13671511,1.37586594 43.13640429,1.37556553 43.13597839,1.37610626 43.13572159,1.37628091 43.13564301,1.37655386 43.13552021,1.37724781 43.13520799,1.37798595 43.13567775,1.37831211 43.13628529,1.37856102 43.13714336,1.37882709 43.13779473,1.37897301 43.13855883,1.37930775 43.13937303,1.37971115 43.1400369,1.37954807 43.14051915,1.37891586 43.14075701,1.3783365 43.14100361,1.37795563 43.14117193,1.37764449 43.14126978,1.37737953 43.14130778,1.3773622 43.14131027,1.37728228 43.14132173,1.37716315 43.14133882,1.37715858 43.14134091,1.37714823 43.14134566,1.37595079 43.14189464,1.37528872 43.14228017,1.37515524 43.14238804,1.37508273 43.14249779,1.37490678 43.14259956,1.37480593 43.14264497,1.37446046 43.14285007,1.37380502 43.14322546))"
PLOT00098,CLIENT00308,43.838641,1.520646,12,2026-04-23,Maïs semence,False,"POLYGON((1.5166616 43.8377671,1.51525484 43.8376608,1.51626797 43.83643447,1.5166501 43.8361495,1.5178613 43.8356115,1.51930488 43.83536636,1.5206507 43.8350935,1.5221309 43.8354101,1.52254239 43.83551719,1.520225517 43.838723893,1.52009141 43.83863684,1.51986365 43.83847255,1.51973886 43.83840414,1.51952871 43.83828894,1.51926075 43.83801836,1.51918043 43.83800909,1.51859087 43.83794105,1.51740445 43.83783408,1.5166616 43.8377671))"
PLOT00100,CLIENT00308,43.816703,1.488485,12,2026-04-24,Maïs semence,False,"POLYGON((1.486129103 43.817359023,1.48644692 43.81722587,1.486446747 43.817221878,1.48647715 43.81720906,1.48646489 43.81694888,1.48604157 43.81703272,1.485713028 43.815743525,1.48681239 43.81513496,1.48712138 43.81536411,1.48776511 43.81513186,1.48826936 43.81503896,1.48871997 43.81502348,1.48903111 43.81506993,1.4896963 43.81486864,1.490308749 43.815419262,1.48984744 43.81559043,1.48931605 43.81578966,1.48898178 43.81591419,1.48866466 43.81603249,1.488651798 43.816048833,1.48863888 43.81605362,1.48853588 43.81618368,1.49044991 43.81551093,1.49133182 43.81623187,1.491378425 43.816231899,1.491379331 43.81624625,1.49135113 43.8162458,1.49140218 43.81710596,1.490592942 43.818119064,1.48915265 43.81844785,1.48655171 43.81903842,1.486129103 43.817359023))"
PLOT00102,CLIENT00308,43.181517,1.803032,9,2026-05-22,Maïs semence,False,"POLYGON((1.79776976 43.17945122,1.79783441 43.17945122,1.79785452 43.17943681,1.79785638 43.17943653,1.7982292 43.17919987,1.79859398 43.17907469,1.79860412 43.17907506,1.79901777 43.17909033,1.79937719 43.17923507,1.79987608 43.17923898,1.79987681 43.1792389,1.80022477 43.17919987,1.80022614 43.17920098,1.80056272 43.17947369,1.80095897 43.17965505,1.80106698 43.17970449,1.80107727 43.17970406,1.80139718 43.17969069,1.80209695 43.17966146,1.80236517 43.17960278,1.8026012 43.17962625,1.80263355 43.17965208,1.80263397 43.17965242,1.8027699 43.17976092,1.80311082 43.18003308,1.80329858 43.18009958,1.80351852 43.1801387,1.80400132 43.18016608,1.80400668 43.18016999,1.80401589 43.18016852,1.80422662 43.18013478,1.80446049 43.18012495,1.80450557 43.18012305,1.80454871 43.18010785,1.80482744 43.18000961,1.80483817 43.18022084,1.80485581 43.18019579,1.804893189 43.180142716,1.805131931 43.183127923,1.80353998 43.18347143,1.80180459 43.18367874,1.80173485 43.18309201,1.80127351 43.18299813,1.80120645 43.18187941,1.80100609 43.18187941,1.80099486 43.18187941,1.8006906 43.18187941,1.79972588 43.18187941,1.79968832 43.18214931,1.79898608 43.18227344,1.79898022 43.18227448,1.79825066 43.18213366,1.79755329 43.18196937,1.79722606 43.18083107,1.79749428 43.17949325,1.79749295 43.17949109,1.79775853 43.17945122,1.79776976 43.17945122))"
PLOT00103,CLIENT00308,43.82996,1.513894,15,2026-04-25,Maïs semence,False,"MULTIPOLYGON(((1.51851013 43.82651857,1.51824352 43.8265676,1.517191227 43.82696064,1.51677784 43.82639348,1.519059658 43.825530856,1.51912133 43.82559925,1.51947602 43.82612284,1.51851013 43.82651857)),((1.51348667 43.82871605,1.51348822 43.82870931,1.51398019 43.82864847,1.51416977 43.82872142,1.51416995 43.82872149,1.51417274 43.82872042,1.51460606 43.82855359,1.51559219 43.8282404,1.51727048 43.82763694,1.51844341 43.82707866,1.51974537 43.82660496,1.51999684 43.82684152,1.52065866 43.82762175,1.51389351 43.82995969,1.51308331 43.82909759,1.51307348 43.82909215,1.51286031 43.82897425,1.51348667 43.82871605)))"
PLOT00106,CLIENT00308,43.826267,1.569228,11,2026-04-23,Maïs semence,False,"MULTIPOLYGON(((1.5695963 43.82724803,1.56959824 43.82725029,1.56875066 43.82757924,1.56793501 43.8267176,1.56784944 43.82662721,1.56898543 43.82806527,1.56898669 43.82806686,1.56799964 43.828539,1.56672819 43.8273105,1.56656529 43.82737021,1.56655391 43.82737438,1.566559829 43.827380244,1.56625411 43.82750689,1.56616181 43.82740402,1.566159105 43.827402321,1.56616403 43.82739883,1.56616234 43.82739761,1.56548844 43.82691145,1.56557458 43.82682936,1.56588901 43.82652971,1.56632803 43.82631769,1.56689641 43.82605196,1.56720608 43.8258569,1.56762102 43.82561999,1.56764739 43.82560494,1.56767646 43.82558834,1.56795621 43.82549957,1.56800411 43.82549557,1.56807631 43.82548954,1.5695963 43.82724803)),((1.56740711 43.82554327,1.56733543 43.82564488,1.56658674 43.82610567,1.56592429 43.82641946,1.56544612 43.82684496,1.56520994 43.82646151,1.56556041 43.82619586,1.56559066 43.82521477,1.56596874 43.82449529,1.56605948 43.82419005,1.56798013 43.82437537,1.56787274 43.82484185,1.56713565 43.8253175,1.56740711 43.82554327)),((1.571638892 43.826576726,1.57166865 43.82684941,1.5716689 43.82685167,1.56995765 43.82763729,1.56901352 43.82802042,1.5687292 43.8276876,1.56873981 43.82768295,1.56968407 43.82726964,1.56968248 43.82726778,1.56812839 43.82545068,1.56813918 43.82544623,1.56854145 43.8252804,1.56855013 43.82527403,1.56885795 43.82504818,1.5690457 43.8248508,1.56927596 43.82419294,1.56927857 43.82420473,1.5692871 43.82424318,1.56929255 43.82422058,1.569367319 43.823910794,1.571638892 43.826576726)))"
PLOT00107,CLIENT00308,43.179302,1.814696,5,2026-05-21,Maïs semence,False,"POLYGON((1.81376788 43.18061045,1.81365507 43.18055947,1.81320816 43.18057745,1.81305827 43.17989431,1.813042268 43.179821385,1.817699597 43.178036386,1.81772035 43.17808807,1.81812121 43.17908646,1.81567736 43.17997216,1.81471457 43.18056155,1.81387065 43.1806569,1.81376788 43.18061045))"
PLOT00108,CLIENT00308,43.182245,1.781957,5,2026-05-08,Maïs semence,False,"POLYGON((1.7820425 43.18405242,1.78155327 43.18408997,1.78101253 43.18330766,1.78027439 43.18176805,1.78020573 43.18101701,1.78024864 43.1808668,1.7805596 43.18092349,1.78076363 43.18096068,1.78083051 43.18093801,1.78174062 43.18062947,1.7817421 43.18062897,1.78180036 43.18060033,1.78198242 43.18051083,1.78222275 43.18004142,1.78233299 43.18005954,1.78375352 43.1834895,1.78278835 43.18381621,1.7820425 43.18405242))"
PLOT00109,CLIENT00308,43.748824,1.63221,10,2026-05-20,Maïs semence,False,"POLYGON((1.635854459 43.74770485,1.637317738 43.748227158,1.63668723 43.74987491,1.63556153 43.74971858,1.6353234 43.75056272,1.632026936 43.750201145,1.63207858 43.74987298,1.63210727 43.74969068,1.632244576 43.748818165,1.63277974 43.74813188,1.63392709 43.74748312,1.63460901 43.74742059,1.635854459 43.74770485))"
PLOT00111,CLIENT00308,43.821176,1.577941,13.27,2026-04-24,Maïs semence,False,"POLYGON((1.5702030820237 43.82412367365,1.572413222252 43.821615692523,1.5737221402512 43.822683919587,1.5753529233323 43.823922419793,1.5754387540208 43.824077230512,1.5752241772996 43.824804835514,1.5748808545457 43.825222817356,1.5743444127427 43.825640796271,1.5735504788743 43.826136174899,1.5726492566453 43.826647029803,1.5722630185471 43.826275499397,1.571705119072 43.826569627826,1.5714476270066 43.826043291719,1.5711043042527 43.825377624703,1.5712974233018 43.825114451974,1.5702030820237 43.82412367365))"
PLOT00112,CLIENT00308,43.233439,1.708294,30,2026-05-08,Maïs semence,False,"MULTIPOLYGON(((1.7065352338857 43.2315540297,1.7061872774228 43.229867383577,1.7064018541439 43.229460890145,1.7066164308651 43.229179470027,1.7074532800778 43.229007490426,1.7084939771756 43.229362806066,1.7091913515194 43.229812294561,1.7096159714147 43.230313482851,1.709862734644 43.230958390033,1.7101148622914 43.23146258544,1.7104206341191 43.231790896486,1.7101957760402 43.232081912235,1.7096968851635 43.232464937725,1.7081412039348 43.233621816424,1.7074921093532 43.232828418871,1.7068839210576 43.23207971658,1.706591560275 43.231739681718,1.7065352338857 43.2315540297)),((1.7086470043473 43.233478214853,1.7101919567398 43.232274432367,1.7105352794937 43.231867954988,1.7121016895584 43.233103012473,1.709312192183 43.234994634272,1.7089903271012 43.233947214581,1.7086470043473 43.233478214853)))"
PLOT00113,CLIENT00308,43.263288,2.074201,9.16,2026-04-25,Maïs semence,False,"POLYGON((2.07374076 43.26552343,2.07232195 43.26159633,2.07438186 43.26122738,2.07444037 43.26139393,2.07454604 43.26193259,2.07480434 43.262343,2.07483249 43.26235631,2.07545758 43.26246199,2.07560477 43.262486873,2.07619921 43.26503758,2.07616799 43.26504375,2.07612092 43.26505305,2.07374076 43.26552343))"
PLOT00119,CLIENT00308,43.188361,1.71949,18,2026-05-26,Maïs semence,False,"MULTIPOLYGON(((1.70964704 43.16845228,1.70964566 43.16846048,1.70957142 43.16981375,1.70818735 43.16967238,1.70524746 43.16934325,1.70334378 43.16911394,1.70329452 43.16805443,1.70327763 43.16769115,1.70964704 43.16845228)),((1.72264182 43.1882739,1.72260384 43.18855933,1.72258934 43.18922496,1.72095123 43.18908761,1.71864628 43.18888686,1.71737058 43.1888129,1.71714109 43.18701204,1.71710997 43.18644489,1.71936653 43.18646758,1.72012856 43.18702368,1.72013555 43.18791145,1.72260323 43.18826832,1.72264182 43.1882739)))"
PLOT00120,CLIENT00308,43.184359,1.72267,19,2026-04-20,Maïs semence,False,"POLYGON((1.72341058 43.1839608,1.72381787 43.18287617,1.7275012 43.18266957,1.72688141 43.18348305,1.72691683 43.18518745,1.72617308 43.18553607,1.72634633 43.18620788,1.72541053 43.18676887,1.72325804 43.18720031,1.7219531 43.18732778,1.72096683 43.18703383,1.72092804 43.18700943,1.720693184 43.186861678,1.72266548 43.184029329,1.72281455 43.18401562,1.72287529 43.18401003,1.72338473 43.18396318,1.72341058 43.1839608))"
PLOT00124,CLIENT00308,43.186447,1.711946,16.5,2026-04-25,Maïs semence,False,"POLYGON((1.711504082 43.18668008,1.7115034 43.18666492,1.71147293 43.1866485,1.71146823 43.18664597,1.71107715 43.18643521,1.71103373 43.18644654,1.710227559 43.186656991,1.70914218 43.18367676,1.706278796 43.184320662,1.70626629 43.18430668,1.70624869 43.18424537,1.70584592 43.18284221,1.70586927 43.18170126,1.70600939 43.18127553,1.708518031 43.181193863,1.70924062 43.18364089,1.71289471 43.182695404,1.713757488 43.185573213,1.711504082 43.18668008))"
PLOT00125,CLIENT00308,43.252169,1.665842,12,2026-05-13,Maïs semence,False,"POLYGON((1.66319062 43.25329214,1.663681006 43.251044396,1.6637186 43.25104125,1.66473525 43.25095617,1.6662663 43.25053584,1.66701822 43.25058625,1.667908 43.25067825,1.66796234 43.25294921,1.66774394 43.25316758,1.667879355 43.253258672,1.666880101 43.254488382,1.66673662 43.25444184,1.666716884 43.254485052,1.66319062 43.25329214))"
PLOT00127,CLIENT00308,43.824185,1.532488,8,2026-05-21,Maïs semence,False,"POLYGON((1.534225963 43.8243530817,1.53281514 43.8248306,1.52980862 43.82575847,1.52890667 43.82444498,1.53059366 43.8238304,1.53231406 43.82327607,1.5332828226 43.8230510657,1.534225963 43.8243530817))"
PLOT00128,CLIENT00308,43.33218,1.905038,11,2026-05-26,Maïs semence,False,"POLYGON((1.907607521 43.330015724,1.908017013 43.33134736,1.90137174 43.33326593,1.90075201 43.33197715,1.907607521 43.330015724))"
PLOT00129,CLIENT00308,43.247575,2.150997,19,2026-04-17,Maïs semence,False,"POLYGON((2.14767629 43.25139609,2.14715646 43.25027533,2.14656374 43.24899742,2.14693371 43.24807531,2.14773741 43.247302,2.14901472 43.24669589,2.15178881 43.25186796,2.15039249 43.25214023,2.14960315 43.25197304,2.149448067 43.251973833,2.1488138 43.2518372,2.14767629 43.25139609))"
PLOT00134,CLIENT00308,43.889947,1.455959,14.16,2026-04-26,Maïs semence,False,"POLYGON((1.4581704586634 43.890052348133,1.4579464339606 43.890210756404,1.4576996707312 43.890558692944,1.4570666694037 43.891223632677,1.4564229392401 43.891625685658,1.4557148360602 43.891610222132,1.4544702910773 43.891617953895,1.4531030227177 43.891818979394,1.452448563718 43.891989077364,1.4518048335545 43.892298345154,1.4513756801121 43.892530294942,1.4507963229649 43.891873101528,1.4500453044407 43.891030337008,1.4508935421897 43.890651158729,1.4512583226158 43.890496520758,1.4519664257957 43.890310954663,1.4531513880232 43.890036884199,1.4539238642195 43.889727604665,1.4542886446456 43.889402859427,1.4549088925013 43.888954398805,1.455209299911 43.888753363638,1.4557886570582 43.888660577947,1.4564538448939 43.888753363638,1.4570546597132 43.888908006135,1.4574194401393 43.889031719843,1.4581704586634 43.890052348133))"
PLOT00135,CLIENT00308,43.848007,1.505222,11.98,2026-04-22,Maïs semence,False,"POLYGON((1.5013524662429 43.850897824402,1.5031119953567 43.849721781598,1.505515254634 43.848143371915,1.5055581699783 43.848236220699,1.5056440006667 43.848298119809,1.5061589847976 43.848731411777,1.5051075588638 43.850093166042,1.5051933895522 43.850309805899,1.5052363048965 43.850557393344,1.5055796276504 43.851362045442,1.5054079662734 43.851640576331,1.5048715244705 43.852476161193,1.5045067440444 43.852971317069,1.5039917599136 43.853590256132,1.5035626064712 43.854116349286,1.5032621990615 43.854054456214,1.5029188763076 43.853899723255,1.5026184688979 43.853714043174,1.5029617916518 43.853466468834,1.5021034847671 43.852847528486,1.5028759609634 43.852305950412,1.5024682651931 43.851919105919,1.5019532810622 43.851485837108,1.5013524662429 43.850897824402))"
PLOT00136,CLIENT00308,43.986161,1.59271,24,2026-05-09,Maïs semence,False,"MULTIPOLYGON(((1.58929074 43.97975232,1.5888747 43.9793331,1.58689432 43.97793167,1.5874435 43.97721298,1.58889134 43.97724892,1.59003962 43.97696144,1.59080514 43.9774765,1.59083843 43.97808739,1.59113798 43.97857849,1.59103813 43.9792253,1.59049211 43.97940055,1.59040955 43.9793833,1.59029738 43.97942655,1.59028925 43.97941694,1.58929074 43.97975232)),((1.59866868 43.98536171,1.59895193 43.98520114,1.59895632 43.98518378,1.59896898 43.9851766,1.59908641 43.98471187,1.59935533 43.98445388,1.59970724 43.98429949,1.60035097 43.98427478,1.60046977 43.98417931,1.6007354 43.98396587,1.60152407 43.98333211,1.60152685 43.98332988,1.60204183 43.98345417,1.60228216 43.98402235,1.60229742 43.98410619,1.60208815 43.98430073,1.60177425 43.98457056,1.60106797 43.98502865,1.60061455 43.98529849,1.60030065 43.98554322,1.60007395 43.985675,1.59986468 43.9858507,1.59941126 43.98613936,1.5987573 43.98660371,1.59775456 43.98732534,1.59732103 43.98597326,1.59720086 43.98559655,1.59701666 43.98559073,1.59697273 43.98556902,1.59732146 43.98558633,1.59732973 43.98558674,1.59817945 43.9854941,1.59826528 43.98542347,1.59866868 43.98536171)),((1.59726106 43.98405246,1.59873735 43.98504058,1.59873006 43.98516359,1.59737682 43.98540472,1.59736595 43.98540451,1.59672879 43.98539237,1.59672878 43.9853926,1.59672802 43.98541722,1.59671174 43.98541691,1.59671173 43.98541714,1.59671103 43.98543971,1.59661321 43.98539138,1.59656813 43.9853227,1.59645583 43.98520211,1.59617959 43.9847812,1.59597574 43.98466137,1.59596415 43.98465456,1.5956146 43.9844491,1.5955702 43.984423,1.59555732 43.98441297,1.59548112 43.98435364,1.59600899 43.98409807,1.59672972 43.98378829,1.59711408 43.9839988,1.59721215 43.98391421,1.59722568 43.98390254,1.59728106 43.98385478,1.59882295 43.98288754,1.59894208 43.98281281,1.599173 43.98268584,1.59921961 43.98269715,1.60033112 43.98296686,1.5997672 43.98326829,1.59975719 43.98328907,1.59975015 43.98329283,1.59953437 43.9837407,1.59920072 43.98405879,1.59919249 43.98407492,1.59918367 43.98408333,1.59893476 43.98457122,1.59875053 43.98495161,1.59874538 43.98494807,1.59797334 43.98441699,1.59803342 43.98415143,1.59781884 43.98397233,1.5978784 43.98380149,1.59786636 43.98378201,1.59787046 43.98376837,1.5978344 43.98373032,1.59775876 43.98360796,1.59775809 43.98361301,1.59774702 43.9836381,1.59774171 43.9836325,1.59773513 43.98363825,1.59728436 43.9840321,1.59726106 43.98405246)))"
PLOT00138,CLIENT00308,43.818475,1.45191,29.52,2026-04-29,Maïs semence,False,"POLYGON((1.4508229704043 43.821092193089,1.4506128648873 43.821107674913,1.4502695421334 43.820410988862,1.4488533357735 43.820550326723,1.4477375368233 43.820364542837,1.4468148569222 43.819977491217,1.4460852960702 43.819574954871,1.4451411584969 43.817515784191,1.4459994653817 43.815797173844,1.4472225526925 43.815410092616,1.4495828966256 43.815115909205,1.4511278490182 43.815348159387,1.4515355447884 43.815704274578,1.4525181265017 43.817128714104,1.4535695524355 43.818011230241,1.4519387693545 43.818615049555,1.4505440206667 43.818135091111,1.449514052405 43.818336364477,1.449878832831 43.819342721129,1.4523464651247 43.818816321304,1.4530974836489 43.820612254556,1.4508229704043 43.821092193089))"
PLOT00140,CLIENT00308,44.084244,1.498684,18,2026-04-27,Maïs semence,False,"POLYGON((1.49980938 44.08267122,1.49980545 44.08268071,1.49948381 44.08301659,1.49934529 44.08320028,1.50003719 44.08352538,1.50028181 44.08366718,1.50112939 44.08396775,1.50248181 44.08463582,1.50132465 44.0857039,1.50094271 44.0859925,1.5009201 44.08605276,1.50079553 44.08617579,1.50063372 44.08629614,1.50025177 44.08652579,1.49743867 44.08528196,1.49642587 44.08513554,1.49576926 44.08489817,1.49517394 44.08459053,1.49550533 44.08162581,1.49586797 44.08151868,1.49651987 44.08158741,1.49729245 44.08171203,1.49792314 44.08180266,1.49864842 44.08189328,1.49896216 44.08199787,1.49999211 44.0822189,1.49980545 44.08266938,1.49980938 44.08267122))"
PLOT00141,CLIENT00308,43.958572,1.164103,8,2026-04-16,Maïs semence,False,"POLYGON((1.1668971 43.95509945,1.16699346 43.95634252,1.16633501 43.95668364,1.16625471 43.95696694,1.16545172 43.9568224,1.16327563 43.95747572,1.16248144 43.9575788,1.1623826 43.95687818,1.16271668 43.95444539,1.16283227 43.95443837,1.16310337 43.95449578,1.1633306 43.95452845,1.16399026 43.95472737,1.16471298 43.9548277,1.1668971 43.95509945))"
PLOT00143,CLIENT00308,43.933462,1.38801,11,2026-05-21,Maïs semence,False,"MULTIPOLYGON(((1.38498134 43.93097955,1.38589566 43.93063807,1.38602893 43.9305951,1.38624059 43.93051772,1.38643144 43.93044546,1.38657688 43.9303957,1.38667265 43.9303579,1.38679779 43.93030793,1.38686215 43.93028897,1.38691122 43.93026299,1.3869707 43.93026057,1.38700108 43.93026025,1.38702137 43.93025553,1.38704323 43.93027441,1.3870946 43.93026584,1.38719031 43.93043711,1.38725193 43.93043151,1.38736146 43.93063436,1.38741993 43.93062557,1.38752507 43.93081757,1.38757909 43.93080555,1.38768769 43.93100215,1.38774371 43.93099589,1.38786134 43.93120254,1.38791817 43.93119007,1.38804281 43.9314163,1.38809761 43.93140323,1.38820159 43.93158478,1.38826082 43.9315801,1.38838407 43.93180365,1.3884395 43.93179437,1.38855495 43.93198306,1.38862399 43.93199187,1.38892494 43.9325163,1.38885085 43.93254207,1.38875606 43.9325753,1.3886379 43.93261591,1.38854697 43.93264978,1.3884152 43.93270131,1.388184 43.93279257,1.38813548 43.93281645,1.38808535 43.93282226,1.38796392 43.93287292,1.38781808 43.93292269,1.38763837 43.93300085,1.38755679 43.9330268,1.38746059 43.933057,1.38743474 43.93307551,1.38735865 43.93309505,1.38728197 43.93313262,1.38717745 43.93316902,1.38663664 43.93338241,1.38632791 43.93283398,1.38613492 43.93249259,1.38573624 43.93258965,1.38538265 43.93196024,1.38503211 43.93132245,1.38508106 43.93129909,1.38500472 43.93114291,1.38505299 43.93112445,1.38498134 43.93097955)),((1.383948018 43.931248551,1.38312861 43.93031425,1.38312985 43.93031277,1.383133431 43.930308491,1.38344068 43.9299555,1.38374684 43.92961778,1.383937066 43.929414811,1.38403483 43.92935769,1.384126021 43.929213199,1.38413885 43.92919951,1.384220545 43.929274906,1.384241182 43.929299008,1.38433317 43.92944786,1.38466828 43.93003336,1.38471444 43.93016,1.38478202 43.93051807,1.38483701 43.93072501,1.38487831 43.93096852,1.38493723 43.93140121,1.3849828 43.93178503,1.38505572 43.93230795,1.38499127 43.93232671,1.38505601 43.93240016,1.38500428 43.93242252,1.38422363 43.93155642,1.383948018 43.931248551)),((1.38634907 43.93543878,1.38657237 43.93543798,1.38662488 43.93552788,1.38666025 43.93560764,1.38689088 43.93593526,1.3869115 43.93605132,1.38698858 43.93616803,1.38688025 43.9362088,1.38657641 43.9363233,1.38631661 43.93640693,1.38611087 43.93647868,1.38588006 43.9365595,1.38575124 43.93660746,1.38553569 43.93668019,1.38538479 43.93673552,1.38528898 43.9367703,1.38506437 43.93685321,1.3849812 43.93688828,1.38489829 43.93692645,1.38480352 43.93695618,1.38458593 43.93704208,1.38445853 43.93708547,1.38437673 43.93711095,1.38412937 43.93675412,1.38378249 43.93625174,1.38369697 43.93613331,1.38370978 43.9361201,1.38370879 43.93608639,1.3836491 43.93602198,1.38377618 43.93595612,1.38404395 43.93584095,1.38427666 43.93575017,1.38461672 43.93563402,1.38471691 43.93560353,1.38476522 43.93558955,1.38505113 43.9355148,1.38530124 43.93547529,1.38549927 43.93546914,1.38577382 43.93546197,1.38634907 43.93543878)))"
PLOT00144,CLIENT00308,44.090911,1.498927,11,2026-05-01,Maïs semence,False,"POLYGON((1.49418786 44.09116467,1.49363419 44.09051436,1.49350079 44.0903163,1.49196221 44.08855928,1.49294414 44.08853386,1.49397844 44.0899247,1.49398298 44.08992361,1.49398993 44.08993296,1.49473659 44.08981329,1.49585313 44.08948678,1.49668207 44.09058277,1.49668615 44.09058124,1.49669356 44.09059103,1.49705581 44.09045484,1.49743386 44.09033036,1.49786705 44.09017193,1.49811121 44.0900814,1.49855228 44.08993428,1.49854095 44.0899241,1.49856541 44.08992388,1.4996232 44.09137153,1.50027142 44.09215959,1.50010534 44.09230152,1.4997261 44.09254919,1.4993009 44.09285464,1.49889868 44.09311882,1.49837004 44.09339125,1.49811483 44.09357449,1.49777246 44.09335822,1.49745414 44.09312674,1.49722976 44.09293868,1.49660647 44.09203422,1.49615209 44.09193002,1.49602568 44.09176491,1.49577286 44.09140991,1.49661177 44.09069992,1.4964279 44.09065864,1.49491096 44.09122003,1.49466963 44.09093934,1.49417563 44.09111183,1.49418786 44.09116467))"
PLOT00149,CLIENT00308,44.02004,1.486723,17,2026-05-26,Maïs semence,False,"MULTIPOLYGON(((1.51938796 43.98563365,1.51741259 43.98526957,1.51741258 43.98526957,1.51716583 43.98520471,1.51717181 43.98519783,1.51570109 43.98486903,1.51545697 43.98477534,1.51540662 43.98451162,1.51584469 43.98374195,1.51732642 43.98405724,1.5170945 43.98321338,1.51796323 43.98332298,1.51955813 43.98374464,1.51941166 43.98486318,1.51938796 43.98563365)),((1.48493834 44.0204533,1.48482498 44.02020876,1.48453178 44.0200412,1.48444176 44.01994771,1.48448278 44.01988801,1.48480234 44.01948464,1.48490205 44.01943026,1.4851284 44.01918854,1.48528095 44.01892968,1.48546643 44.01871117,1.48572593 44.01852731,1.48634961 44.01809143,1.48738693 44.01763097,1.48784573 44.01768964,1.48802925 44.01768231,1.48833512 44.01774831,1.4887042 44.01794655,1.48870721 44.01794309,1.48876381 44.01800924,1.48875489 44.01801949,1.48886214 44.01808478,1.48896024 44.01808597,1.48905667 44.01815532,1.48924939 44.01830082,1.48950131 44.01866852,1.49027004 44.0194893,1.49017738 44.01960769,1.49017191 44.01963074,1.49020371 44.01964447,1.49016905 44.01970442,1.48999152 44.0199809,1.48962377 44.02029258,1.48947716 44.02043495,1.48930829 44.02050815,1.48929181 44.02051263,1.48916673 44.02051088,1.48907661 44.02057109,1.48872908 44.0207213,1.48851531 44.02084017,1.48817806 44.0210854,1.48804861 44.02119957,1.48792724 44.02133945,1.487898 44.02136723,1.48783672 44.02140699,1.4876959 44.02140699,1.48759531 44.02140121,1.48748265 44.02140989,1.48734182 44.02142436,1.48723318 44.02144172,1.4871004 44.02144172,1.4865759 44.02123277,1.48606655 44.02103065,1.48548795 44.02077641,1.48506832 44.02059848,1.48493834 44.0204533)))"
PLOT00150,CLIENT00308,43.911746,1.120102,7,2026-04-24,Maïs semence,False,"POLYGON((1.12068094 43.91278873,1.11761856 43.91169208,1.11820221 43.91073984,1.11950741 43.9111854,1.1195964 43.910119637,1.12072304 43.91053726,1.121906624 43.910954462,1.12122888 43.91178925,1.12121104 43.91196879,1.12101615 43.91223275,1.12096158 43.91233945,1.12084465 43.91255848,1.12070577 43.91275381,1.12068094 43.91278873))"
PLOT00156,CLIENT00308,43.983548,1.406152,9,2026-04-21,Maïs semence,False,"MULTIPOLYGON(((1.40697381 43.98471247,1.40680808 43.9847786,1.40671555 43.98477902,1.40697381 43.98471247)),((1.40355205 43.98317285,1.40459687 43.9848086,1.40488064 43.98525545,1.40450624 43.98537621,1.40406728 43.98550626,1.40334429 43.98565489,1.40255674 43.98593357,1.40191751 43.98612605,1.40156609 43.98619686,1.401046 43.98625418,1.39959817 43.98440967,1.4003103 43.98411284,1.40355205 43.98317285)))"
PLOT00157,CLIENT00308,43.887652,1.451697,6,2026-05-20,Maïs semence,False,"POLYGON((1.45008113 43.88868729,1.45007926 43.88868831,1.45006128 43.88869812,1.45000614 43.8886385,1.4497219 43.88820596,1.44959558 43.88784171,1.449564 43.88748885,1.449564 43.88721566,1.44964295 43.88677173,1.44983244 43.88640747,1.45019562 43.88604322,1.45066934 43.88580417,1.45115885 43.88561066,1.45147466 43.8855196,1.45418767 43.88932195,1.45397072 43.88939251,1.45373272 43.88957186,1.4534917 43.88960831,1.45276949 43.88973121,1.45201154 43.88969706,1.45137992 43.88957186,1.45092199 43.88934421,1.45038511 43.88904827,1.45022052 43.88887031,1.45008113 43.88868729))"
PLOT00159,CLIENT00308,43.864388,1.487628,7,2026-04-25,Maïs semence,False,"POLYGON((1.49018705 43.86460329,1.49014413 43.86466517,1.48996532 43.86483301,1.48985982 43.86495911,1.48973107 43.86511768,1.48957551 43.86525305,1.48941994 43.86538068,1.48926973 43.86552765,1.48922205 43.865635,1.48905516 43.86581385,1.48899078 43.86591054,1.4887719 43.86604008,1.48876526 43.86604401,1.48870452 43.86607996,1.48846795 43.86615411,1.48831367 43.86617883,1.48811482 43.86617883,1.48791939 43.86617883,1.48774111 43.866164,1.4875354 43.86612692,1.48736055 43.86604288,1.48725769 43.86601569,1.48709126 43.86594058,1.48687834 43.86588565,1.48667391 43.86581594,1.48647995 43.86573213,1.48629831 43.865635,1.48613075 43.86552551,1.48597889 43.86540471,1.48584418 43.86527375,1.48572792 43.86513391,1.48557365 43.86507127,1.48538589 43.86495524,1.48513913 43.86478894,1.48435593 43.86342365,1.4842701 43.86248766,1.48561656 43.86113392,1.48675382 43.86166382,1.48555756 43.86316838,1.48526251 43.86418172,1.48535216 43.86428558,1.48549664 43.86428558,1.48573188 43.86406757,1.48592892 43.8638063,1.48624957 43.86338111,1.48644269 43.86314517,1.48651779 43.86304461,1.48665726 43.86295566,1.48679137 43.86288604,1.48694158 43.86283576,1.4871937 43.86278547,1.48741901 43.86275067,1.48757458 43.8627468,1.48779452 43.86272359,1.48799837 43.86273906,1.4882344 43.86276614,1.48841679 43.86282415,1.48859918 43.86292858,1.48877621 43.86301754,1.48898005 43.86311423,1.48913026 43.86321479,1.48935556 43.86333469,1.4895004 43.86341205,1.48965061 43.863501,1.49002612 43.86370213,1.4900583 43.86379108,1.4901334 43.86403475,1.49018705 43.86418945,1.4902246 43.8643751,1.49020851 43.86455688,1.49018705 43.86460329))"
PLOT00160,CLIENT00308,44.087222,1.579964,27,2026-04-21,Maïs semence,False,"MULTIPOLYGON(((1.53598448 44.08628834,1.53550954 44.08616426,1.53486188 44.08583855,1.53322789 44.08508153,1.53476474 44.08396178,1.53791938 44.08541963,1.53775334 44.08645654,1.53778319 44.08645636,1.53777699 44.08650271,1.53773418 44.08650243,1.5375393 44.08724311,1.53604925 44.08655977,1.53598448 44.08628834)),((1.58023386 44.08396768,1.58072858 44.08412167,1.580747 44.08412508,1.58076096 44.08412943,1.58129311 44.08422808,1.58182526 44.08433906,1.58210936 44.08535636,1.58280637 44.08692608,1.58295382 44.08732091,1.58310126 44.08770611,1.58336756 44.08844122,1.58013895 44.08791797,1.57861089 44.08756166,1.57820876 44.08729202,1.57555475 44.0863868,1.57513922 44.08618456,1.5750856 44.08614604,1.57496497 44.086069,1.57491821 44.08569044,1.57509628 44.08555494,1.5759062 44.08548105,1.5759716 44.0854858,1.57579476 44.0843896,1.57612082 44.08416055,1.57630196 44.08392108,1.57701204 44.08365557,1.5770845 44.08360352,1.57584548 44.08344734,1.57569332 44.08247903,1.57688336 44.08282693,1.57856564 44.0836531,1.57928662 44.0838504,1.57929377 44.08385126,1.579319 44.08385816,1.58023386 44.08396768)))"
PLOT00161,CLIENT00308,43.888672,1.128893,11,2026-04-16,Maïs semence,False,"POLYGON((1.12415984 43.88785268,1.12407354 43.88679451,1.12503515 43.8860514,1.1252782 43.8858736,1.12547358 43.88584719,1.1257588 43.88595,1.12606923 43.88604595,1.12730163 43.88637992,1.12971311 43.88703414,1.13119298 43.88744265,1.13293666 43.88793882,1.13331147 43.88804212,1.13380754 43.88821695,1.13381857 43.88842356,1.13376345 43.88901159,1.13369731 43.88928177,1.13113979 43.88839972,1.13016969 43.88820105,1.12717122 43.88758123,1.12722634 43.88771632,1.12962953 43.88825668,1.13102955 43.88852686,1.13368628 43.8894248,1.13283745 43.89013997,1.13280645 43.89032085,1.13247367 43.89032273,1.13021379 43.88970292,1.1283177 43.88917052,1.12659799 43.88870168,1.12439323 43.88809775,1.12415984 43.88785268))"
PLOT00167,CLIENT00308,43.917731,1.390459,9,2026-06-16,Maïs semence,False,"MULTIPOLYGON(((1.39093709 43.91923169,1.38909557 43.91944944,1.3888928 43.91867676,1.38826506 43.91678054,1.38917466 43.91676154,1.39038635 43.9165304,1.39175845 43.91633413,1.39209101 43.91740863,1.39055883 43.91770042,1.39093709 43.91923169)),((1.39884086 43.92190534,1.39920829 43.92182055,1.3994482 43.92177062,1.39958681 43.92176678,1.39966678 43.92199724,1.39978407 43.92225842,1.40002398 43.92265403,1.400054686 43.92267563,1.4000613 43.92269628,1.40014127 43.9229805,1.39967139 43.92321374,1.39925966 43.9233755,1.39903508 43.92348333,1.39869822 43.92360465,1.39841749 43.92368553,1.39800577 43.92382032,1.39744432 43.92395512,1.39710745 43.92406296,1.39686416 43.92380684,1.39675187 43.92355073,1.39736946 43.9229711,1.39802448 43.92229711,1.39800246 43.92226981,1.39818727 43.92214753,1.39818729 43.92214752,1.39818731 43.92214751,1.39884086 43.92190534)))"
PLOT00171,CLIENT00308,44.039139,1.483423,14,2026-04-22,Maïs semence,False,"POLYGON((1.48279221 44.04020414,1.48092183 44.03698087,1.48153611 44.03672813,1.481667 44.03698514,1.48278697 44.03655633,1.48309407 44.03654625,1.48339431 44.03744135,1.48429107 44.03822415,1.48639204 44.04012126,1.48514939 44.04089481,1.48420139 44.04136447,1.48267691 44.0422301,1.4814855 44.04075668,1.48279221 44.04020414))"
PLOT00172,CLIENT00308,43.928091,1.137564,7,2026-04-24,Maïs semence,False,"POLYGON((1.13705238 43.92886802,1.13681708 43.9290448499,1.13629531 43.9291185299,1.13570193 43.92929537,1.13476971 43.92868152,1.1383185 43.92617294,1.1391184299 43.92708054,1.1396708417 43.9287330613,1.1391184299 43.9289983,1.13863628 43.92914035,1.13820893 43.9292903,1.13785827 43.92937711,1.1374616099 43.92925853,1.13705238 43.92886802))"
PLOT00174,CLIENT00308,44.142128,1.507415,9,2026-05-10,Maïs semence,False,"POLYGON((1.504525957 44.142289423,1.50736903 44.14047494,1.50891927 44.1411733,1.50934716 44.14138588,1.50964997 44.14160319,1.509812836 44.141916403,1.50912347 44.14236812,1.50901117 44.14242069,1.50895747 44.14244522,1.50848389 44.14273607,1.50799221 44.14305682,1.50795965 44.14307722,1.50743302 44.14277961,1.50719986 44.14269052,1.50672628 44.14263445,1.506116 44.14283419,1.50572983 44.14288509,1.5052372 44.14261574,1.504525957 44.142289423))"
PLOT00178,CLIENT00308,43.954641,1.16164,8,2026-04-16,Maïs semence,False,"POLYGON((1.16232343 43.95707023,1.16228052 43.9568098,1.16199487 43.9562476,1.16200439 43.95587051,1.16183155 43.95585048,1.16152337 43.95500977,1.16132842 43.95493704,1.16038765 43.95517057,1.15861155 43.95557341,1.15810062 43.95394452,1.15971452 43.95366427,1.15956043 43.95285272,1.16067992 43.9527211,1.1606814 43.9529198,1.16077804 43.95308216,1.16079952 43.95335277,1.16099279 43.95366204,1.1612505 43.95485271,1.16152968 43.95483725,1.1613569 43.95432784,1.162271 43.95437584,1.16254855 43.95438683,1.16267029 43.95450679,1.16262989 43.95478798,1.16232343 43.95707023))"
PLOT00180,CLIENT00308,43.987412,1.601729,7,2026-04-27,Maïs semence,False,"POLYGON((1.60068872 43.98739086,1.60073661 43.98753941,1.60089501 43.98768594,1.60135513 43.98813096,1.60178508 43.98852713,1.60189822 43.98854341,1.6019812 43.98853256,1.60207171 43.98851085,1.6021924 43.98847286,1.60231309 43.98842945,1.60244886 43.9883806,1.60255574 43.98833612,1.60399623 43.99076086,1.60383315 43.9909564,1.6036882 43.99108024,1.60333775 43.99114958,1.60180948 43.98861219,1.60179237 43.98860763,1.6006369 43.98749717,1.59975859 43.98806505,1.59971481 43.98805337,1.599731996 43.9880822442,1.59952054 43.98821896,1.59904857 43.98844476,1.59931246 43.9890476,1.59985402 43.98953129,1.60048686 43.99016301,1.6001974 43.9924067,1.5995438 43.99074074,1.59827394 43.98909488,1.59883417 43.98909488,1.59919832 43.98896724,1.59898965 43.98844294,1.59875154 43.98821046,1.59836326 43.98783136,1.59983791 43.98679728,1.5998865 43.98681812,1.60053141 43.98727205,1.60068872 43.98739086))"
PLOT00185,CLIENT00308,43.248899,1.644312,11,2026-04-20,Maïs semence,False,"POLYGON((1.64929797 43.24666815,1.65031493 43.24775433,1.65043831 43.24805911,1.65053487 43.24837561,1.65050268 43.24882105,1.65025965 43.24951109,1.65022441 43.2495736,1.64720356 43.25079814,1.64667785 43.25078251,1.64618969 43.25071609,1.64572835 43.25059887,1.6446444 43.24941319,1.64733096 43.24850136,1.64831711 43.24663376,1.64921358 43.24664679,1.64929797 43.24666815))"
PLOT00187,CLIENT00308,43.275868,1.595276,39,2026-04-15,Maïs semence,False,"POLYGON((1.59678762 43.27686684,1.5967779 43.27687467,1.59672065 43.27692074,1.59774543 43.27702341,1.59818731 43.27717742,1.59824842 43.27726983,1.59834949 43.27918879,1.59837474 43.27966826,1.59836455 43.27966395,1.59773352 43.27939734,1.59640788 43.27881897,1.593148 43.27773185,1.5920057 43.27732801,1.59163903 43.27724245,1.59139929 43.27699603,1.59109843 43.27668459,1.5908963 43.27635603,1.59073647 43.27597956,1.59070826 43.27564758,1.59075057 43.27527794,1.59100442 43.27477483,1.59127707 43.27441888,1.59160142 43.27415192,1.59398475 43.27545934,1.594093 43.27404263,1.59399644 43.27312087,1.5943934 43.27308962,1.59483328 43.27310524,1.59546629 43.27327709,1.59617439 43.27353487,1.59628903 43.27280191,1.59661256 43.27255361,1.59663249 43.27253845,1.60036648 43.27434931,1.60023152 43.27440133,1.60020409 43.27440733,1.59985438 43.27448007,1.59888879 43.27461286,1.59788028 43.2747066,1.59742966 43.27465192,1.59703543 43.27460318,1.59686104 43.27458162,1.59695361 43.27482032,1.59740227 43.27570918,1.59728475 43.27622598,1.59698859 43.27670512,1.59678762 43.27686684))"
PLOT00188,CLIENT00308,43.257091,1.591072,27,2026-04-16,Maïs semence,False,"POLYGON((1.59583274 43.25717923,1.59581615 43.25730914,1.59552675 43.25761793,1.59515314 43.25794195,1.59459513 43.25822641,1.59440477 43.25828222,1.59399764 43.25837326,1.58971733 43.25929573,1.58970298 43.25432014,1.59135354 43.25434105,1.59331848 43.25437894,1.59358552 43.25429938,1.59432284 43.25433773,1.59559468 43.25514959,1.59575307 43.25583729,1.59583274 43.25717923))"
PLOT00192,CLIENT00308,43.270104,1.643127,10.29,2026-04-28,Maïs semence,False,"POLYGON((1.6412051091743 43.271119621458,1.6399391065193 43.27024468657,1.6410978208137 43.269369739106,1.6416557202888 43.269166624502,1.6424496541572 43.269619725379,1.6444237599922 43.268619774125,1.6454537282539 43.26865102285,1.6477496991706 43.270338430196,1.6445525060249 43.270885265132,1.6431577573371 43.270869641345,1.6412051091743 43.271119621458))"
PLOT00194,CLIENT00308,43.267714,1.594124,40,2026-04-29,Maïs semence,False,"MULTIPOLYGON(((1.58612782 43.26791859,1.58610075 43.26790373,1.58613805 43.26681746,1.58738219 43.26581229,1.587444 43.26576235,1.58847505 43.26686833,1.58846373 43.26687558,1.58864237 43.26713385,1.5888229 43.26739486,1.58907876 43.2675488,1.58914855 43.26759079,1.58972247 43.26820642,1.59027182 43.26879238,1.59042191 43.26895247,1.58796081 43.26938127,1.587398585 43.269111317,1.58734442 43.26894862,1.58675128 43.26868392,1.58618013 43.26793186,1.58612782 43.26791859)),((1.59111256 43.26971123,1.59111171 43.26970421,1.59106499 43.26931868,1.59053886 43.2687292,1.59579879 43.26517159,1.59815474 43.26673342,1.5991026 43.26663454,1.59980584 43.2678541,1.59887491 43.2680867,1.59886201 43.26808992,1.59956567 43.26904896,1.59958377 43.26907363,1.59956685 43.2690774,1.5995049 43.2690912,1.5988092 43.2692462,1.59228065 43.27070076,1.59149991 43.27039083,1.59149943 43.27039172,1.59096457 43.26994984,1.59098263 43.26992072,1.59111256 43.26971123)))"
PLOT00196,CLIENT00308,43.151711,1.626502,18,2026-05-14,Maïs semence,False,"MULTIPOLYGON(((1.62429587 43.15569033,1.62402318 43.15465688,1.6242572 43.15333172,1.6247364 43.15274636,1.62468147 43.1518239,1.62504339 43.15089662,1.626940133 43.151395294,1.62631724 43.15562568,1.62429587 43.15569033)),((1.62866269 43.15167571,1.62699216 43.15123778,1.62742553 43.14988546,1.62789738 43.1499289,1.62800274 43.14948105,1.626972 43.14897637,1.62591378 43.14873907,1.62586338 43.14805725,1.62727893 43.14826781,1.62737514 43.14800711,1.62978979 43.14861037,1.63106748 43.14892958,1.63098044 43.14918693,1.63105832 43.14965819,1.63094379 43.15015952,1.63071932 43.15055389,1.63079719 43.15079787,1.63064602 43.1511889,1.63052691 43.15162672,1.63031618 43.15186735,1.63005692 43.15204121,1.62866269 43.15167571)))"
PLOT00197,CLIENT00308,43.084563,1.89719,12,2026-04-30,Maïs semence,False,"MULTIPOLYGON(((1.8920452 43.08874905,1.89236857 43.08870241,1.89243455 43.08867079,1.89285646 43.08846858,1.89350443 43.08810114,1.89407618 43.087717,1.89457932 43.08738295,1.89495286 43.08704891,1.89537214 43.08660908,1.89566945 43.0862305,1.89584103 43.08616384,1.89594733 43.08612254,1.89601079 43.08618785,1.89619953 43.08664273,1.89632222 43.08722166,1.89612404 43.08782127,1.89582205 43.08824857,1.89543513 43.08835884,1.89438761 43.08875857,1.89347221 43.08911006,1.89284936 43.08902046,1.89239638 43.08888263,1.8920452 43.08874905)),((1.894007298 43.085096747,1.8939535 43.08510577,1.89396088 43.085090922,1.894007298 43.085096747)),((1.8908487 43.0874491,1.8907732 43.0870149,1.89090255 43.08658656,1.89140548 43.08589148,1.89166029 43.08571918,1.89401956 43.0852574,1.8943593 43.08520915,1.89488778 43.08535389,1.89566162 43.08579499,1.89580317 43.08597419,1.89585073 43.08602314,1.89581685 43.08604273,1.89550173 43.08622493,1.8947699 43.08709902,1.89383224 43.08776154,1.89223897 43.08866901,1.89184732 43.08864376,1.89157535 43.08845533,1.89134886 43.08829681,1.89115068 43.08802803,1.89099969 43.08782816,1.8908487 43.0874491)))"
PLOT00198,CLIENT00308,43.252568,1.588166,7,2026-04-19,Maïs semence,False,"POLYGON((1.58919114 43.25426609,1.58879246 43.25422544,1.58829012 43.25409187,1.58783562 43.25391184,1.58743693 43.25369116,1.58707014 43.25340079,1.58701833 43.25339017,1.58683797 43.25335322,1.58683849 43.2533619,1.58680571 43.25335518,1.58628937 43.25276176,1.58612751 43.25216269,1.58612758 43.25216206,1.58615977 43.25216073,1.58617885 43.25199967,1.58624834 43.25141315,1.5862487 43.25141015,1.58886705 43.25136125,1.58987921 43.25138527,1.58993586 43.25428169,1.58957331 43.25426519,1.58919114 43.25426609))"
PLOT00200,CLIENT00308,43.276998,1.525276,23,2026-04-24,Maïs semence,False,"POLYGON((1.52129018 43.27849696,1.5225487 43.27790055,1.52330398 43.27785196,1.5239714 43.27789136,1.52453029 43.27788772,1.52490939 43.2776878,1.52552269 43.27753677,1.52617207 43.27748424,1.52785623 43.27828998,1.52937149 43.27909227,1.52953506 43.27941972,1.52954578 43.27973215,1.52952433 43.27998991,1.52937412 43.28025547,1.5286231 43.28120446,1.52793646 43.28195427,1.52775407 43.28213001,1.52732491 43.28227841,1.52680993 43.28233308,1.52639151 43.28237994,1.52579069 43.28244243,1.52534008 43.28243462,1.52499676 43.28228622,1.52433157 43.28187226,1.52429266 43.28187379,1.520314264 43.279483161,1.52032766 43.2794344,1.52032918 43.27942905,1.52049421 43.27884636,1.52129018 43.27849696))"
PLOT00201,CLIENT00308,43.19692,1.606895,21,2026-04-25,Maïs semence,False,"MULTIPOLYGON(((1.60288362 43.19599585,1.60463709 43.19574392,1.6046595 43.1957407,1.60528663 43.19628337,1.60574412 43.19687629,1.60583732 43.19740744,1.6057526 43.19772243,1.60564246 43.19792006,1.60551403 43.19832951,1.60359621 43.19844215,1.60313985 43.19689464,1.60288811 43.196041,1.60288362 43.19599585)),((1.60558105 43.19590803,1.60885003 43.19586921,1.6088748 43.19586892,1.60889658 43.19587835,1.60897609 43.19591276,1.60961916 43.19619112,1.60975515 43.19624998,1.60990477 43.19631475,1.60983993 43.19694314,1.60972238 43.19808237,1.60591989 43.19830568,1.60599829 43.19704305,1.60555774 43.19647483,1.60557031 43.19622871,1.60557032 43.19622871,1.60558105 43.19590803)))"
PLOT00204,CLIENT00308,43.243843,1.621305,25,2026-04-16,Maïs semence,False,"MULTIPOLYGON(((1.62011239 43.24255452,1.61981598 43.24242897,1.61940188 43.24395802,1.61898473 43.24564864,1.61850277 43.24561239,1.61801654 43.24556104,1.61603599 43.24289409,1.61681498 43.24219969,1.61736638 43.24156119,1.6187932 43.2406018,1.61999243 43.24013139,1.62085429 43.23997413,1.62024301 43.24210021,1.62011239 43.24255452)),((1.62006145 43.24475458,1.61997412 43.24451073,1.6201415 43.2440124,1.61986439 43.24396944,1.61990862 43.24374203,1.62096387 43.24001507,1.62089617 43.23998877,1.62085716 43.23997361,1.62090347 43.23996516,1.62176566 43.2404002,1.62202988 43.24054456,1.62223452 43.24065637,1.62262665 43.24087061,1.62277925 43.24154969,1.62312046 43.24340662,1.62312146 43.24412795,1.62323609 43.24494837,1.62323994 43.24497596,1.62324629 43.24536845,1.62314842 43.2459763,1.62271907 43.24598856,1.62271897 43.24598751,1.62248304 43.24599141,1.62248703 43.24600344,1.62112111 43.24600344,1.62079445 43.24599342,1.62038706 43.24591429,1.6199814 43.24529001,1.62006145 43.24475458)))"
PLOT00205,CLIENT00308,43.286937,1.618423,14,2026-04-17,Maïs semence,False,"POLYGON((1.61489513 43.2873465,1.61435405 43.28604133,1.61435089 43.28603402,1.61436796 43.2860312,1.61427194 43.28585136,1.61357085 43.2842294,1.6135255 43.28406541,1.61390009 43.2839928,1.61439253 43.2839203,1.61492369 43.2839928,1.6153774 43.28412974,1.61572598 43.28427474,1.61613375 43.28448566,1.61630763 43.28470844,1.61641196 43.2849059,1.61650238 43.28503754,1.61655802 43.28513881,1.61652988 43.28520197,1.61652128 43.28522128,1.61721865 43.28514318,1.61775582 43.28507032,1.61794947 43.28504213,1.6179226 43.28480733,1.61913911 43.28518223,1.61970556 43.28628181,1.61969657 43.28662595,1.61936528 43.28683384,1.6185117 43.28703475,1.61821525 43.28709056,1.61789324 43.28714265,1.61757588 43.28711678,1.61735058 43.28703868,1.61708236 43.28692934,1.61674327 43.28685881,1.61670685 43.28685124,1.616689295 43.286860714,1.61630784 43.28679203,1.61616723 43.28693166,1.61607157 43.28713282,1.61583781 43.28728078,1.61553741 43.28732764,1.615237 43.2873745,1.61491513 43.28735107,1.61489513 43.2873465))"
PLOT00207,CLIENT00308,43.299814,1.516778,15,2026-04-16,Maïs semence,False,"POLYGON((1.51984692 43.29827597,1.52032971 43.29834625,1.52082324 43.2985805,1.52124166 43.29885379,1.52145624 43.29894749,1.52159109 43.29878345,1.52213993 43.29916445,1.52260433 43.29971137,1.52279853 43.3006577,1.52265787 43.30127041,1.52181029 43.30173889,1.52084805 43.30110014,1.52038336 43.30113377,1.52015805 43.30128602,1.51979126 43.3015192,1.51979242 43.30152142,1.51990768 43.30174177,1.51988983 43.30232057,1.51988983 43.30240646,1.51991129 43.3026407,1.51951246 43.30269863,1.51876641 43.30263867,1.51826732 43.30243633,1.51772708 43.30212532,1.51737122 43.30175919,1.51738261 43.3016368,1.5173918 43.30153811,1.51727832 43.30140409,1.51720142 43.30131328,1.51717407 43.30130099,1.5169596 43.30120462,1.51686699 43.30107721,1.51677952 43.3007587,1.5167141 43.30031392,1.51677847 43.2998142,1.51769042 43.29917393,1.518982 43.2984086,1.51952505 43.29829159,1.51984692 43.29827597))"
PLOT00209,CLIENT00308,43.254404,1.568157,22,2026-04-16,Maïs semence,False,"POLYGON((1.56867556 43.25737813,1.56809985 43.25769074,1.56756107 43.25782441,1.56740713 43.25785459,1.5668996 43.25792389,1.56654468 43.25789106,1.56634064 43.25787542,1.56615787 43.25785459,1.56591513 43.257639,1.56566646 43.25741909,1.56542371 43.2570612,1.5653349 43.25688441,1.56517289 43.25643931,1.56548791 43.25603292,1.56590236 43.25537318,1.56700972 43.25303857,1.567183232 43.25238402,1.56733124 43.252047416,1.57074267 43.25332234,1.57005579 43.25459955,1.56927176 43.25617789,1.56867556 43.25737813))"
PLOT00212,CLIENT00308,43.101982,1.725628,12,2026-04-24,Maïs semence,False,"MULTIPOLYGON(((1.72291128 43.10169736,1.72331607 43.10183433,1.72365176 43.10193164,1.72418985 43.10199292,1.72493527 43.10201454,1.72636903 43.10240076,1.72636904 43.10240076,1.72612247 43.10324549,1.72291629 43.10282533,1.72215586 43.10181992,1.72211677 43.10177863,1.72291128 43.10169736)),((1.72691977 43.1023894,1.72613979 43.10210105,1.72538943 43.101892,1.72516729 43.10193525,1.72486122 43.10184153,1.72396277 43.10182351,1.72344936 43.10170096,1.72309099 43.10147869,1.72299026 43.10141621,1.72449672 43.09996782,1.72613584 43.09820643,1.72661511 43.0983549,1.72667321 43.09872607,1.72739938 43.0992457,1.72776247 43.09956384,1.72827079 43.09977593,1.72876459 43.09992439,1.72917125 43.10034857,1.72735092 43.1025395,1.72691977 43.1023894)))"
PLOT00213,CLIENT00308,43.277943,1.51417,10,2026-04-19,Maïs semence,False,"POLYGON((1.51532294 43.279345134,1.51574107 43.27974606,1.51683859 43.28019489,1.51728766 43.28077355,1.51695949 43.28185539,1.51666587 43.28267304,1.51554318 43.28315105,1.513719232 43.279941642,1.51369578 43.27989165,1.51366315 43.27984296,1.51338416 43.27935204,1.51282081 43.27798745,1.51280588 43.27794203,1.51275064 43.27778598,1.51247218 43.27688817,1.51244937 43.27681463,1.5121737 43.27608265,1.51215909 43.27582631,1.51215459 43.27574735,1.5132604 43.27660198,1.51429609 43.27732415,1.51540793 43.27807625,1.51517525 43.27902845,1.51443236 43.27936414,1.51530333 43.27933617,1.51532294 43.279345134))"
PLOT00214,CLIENT00308,43.072365,1.795853,12,2026-05-13,Maïs semence,False,"MULTIPOLYGON(((1.79585345 43.072369,1.79585841 43.07236849,1.79585973 43.07240606,1.79585988 43.07241034,1.79850503 43.07211836,1.79850919 43.0721179,1.7989187 43.07392272,1.79892248 43.07392282,1.79894297 43.07400771,1.79785458 43.07526155,1.79762444 43.07581842,1.79752375 43.07580791,1.79599424 43.07599353,1.79505448 43.07587796,1.79505571 43.07587501,1.79544765 43.07493584,1.79553875 43.0747327,1.79538052 43.07441048,1.79556752 43.07392015,1.79530381 43.07356991,1.7953134 43.07329672,1.79567779 43.07243162,1.79569238 43.07238549,1.79585345 43.072369)),((1.79900445 43.07387529,1.7986198 43.07210635,1.79957117 43.07201107,1.79957546 43.07201064,1.79984903 43.07340027,1.7997027 43.07366053,1.79965992 43.07414697,1.80181362 43.07507332,1.80181354 43.07507611,1.80180269 43.07545663,1.80044673 43.07558545,1.79802005 43.07581599,1.79830429 43.07512922,1.79831189 43.07512356,1.79867677 43.0748518,1.79886185 43.07471396,1.79927535 43.07473271,1.79948716 43.07474232,1.79948206 43.07422003,1.79946455 43.07411453,1.79946163 43.07409692,1.79964549 43.07413796,1.79965545 43.0739342,1.7996557 43.07392904,1.79905639 43.07388221,1.79900508 43.0738782,1.79900445 43.07387529)))"
PLOT00215,CLIENT00308,43.085874,1.759973,15,2026-04-29,Maïs semence,False,"MULTIPOLYGON(((1.76253035 43.0853849,1.76164629 43.08397447,1.76328529 43.08347367,1.7639998 43.08364323,1.76404272 43.08475592,1.76253035 43.0853849)),((1.76337112 43.08803009,1.76347409 43.08756727,1.76393006 43.08686992,1.76441823 43.08738705,1.76469047 43.08768593,1.76433239 43.08825286,1.76419828 43.08913041,1.76361893 43.08919309,1.76354383 43.08878566,1.76337753 43.08826853,1.7633733 43.08803151,1.76337112 43.08803009)),((1.7580929 43.08535043,1.75625827 43.08635965,1.75438073 43.08737043,1.75411894 43.0868909,1.75393012 43.0866574,1.753737 43.08650539,1.75358465 43.08616533,1.75367262 43.08582527,1.7536855 43.08549147,1.75773456 43.08390238,1.75848343 43.08514983,1.7580929 43.08535043)),((1.75844134 43.08553584,1.75920012 43.08506834,1.76001337 43.08467499,1.76111911 43.08612554,1.76231001 43.08747324,1.76154974 43.0879001,1.76133087 43.08812262,1.7610884 43.08784682,1.76079657 43.08767444,1.76051333 43.08756161,1.76031981 43.08748108,1.75837253 43.08556921,1.75844159 43.08553606,1.75844134 43.08553584)))"
PLOT00217,CLIENT00308,43.241642,1.603477,35,2026-04-15,Maïs semence,False,"POLYGON((1.60761609 43.23883949,1.60647837 43.24482691,1.60438323 43.24500176,1.60388692 43.24463858,1.60368107 43.24424347,1.60349436 43.24325986,1.60319994 43.24169727,1.60329808 43.24151344,1.60368107 43.2400817,1.60439164 43.23980782,1.60481223 43.23816343,1.60525508 43.23807503,1.60589634 43.23817059,1.60681452 43.23851035,1.60761609 43.23883949))"
PLOT00220,CLIENT00308,43.112392,1.72937,21,2026-04-25,Maïs semence,False,"POLYGON((1.73538304 43.114745273,1.73538044 43.11475438,1.73580996 43.11484393,1.73516568 43.1154708,1.73473616 43.11616482,1.73301806 43.11719464,1.7307784 43.11650063,1.73097782 43.11588567,1.73094102 43.11587903,1.72961255 43.11563941,1.72901428 43.11407224,1.72755697 43.11406034,1.72685133 43.1127618,1.72676384 43.11176786,1.72699782 43.1114228,1.72731153 43.11096017,1.72830864 43.11041163,1.7307017 43.11071389,1.73179085 43.11106092,1.73231241 43.11187814,1.73211299 43.11289684,1.732119285 43.112890034,1.73165269 43.11399979,1.73538304 43.114745273))"
PLOT00221,CLIENT00308,43.23423,1.595903,12,2026-04-16,Maïs semence,False,"POLYGON((1.59301524 43.23371857,1.59504866 43.23381476,1.59505359 43.23381499,1.59524042 43.23422933,1.59584679 43.23557411,1.5953751 43.23575445,1.59339462 43.23536094,1.59332407 43.23668847,1.59262711 43.23700958,1.59129911 43.2375778,1.59132412 43.23712234,1.59138842 43.23566075,1.59032652 43.23634243,1.58948094 43.23651091,1.5894809 43.23651082,1.58900657 43.23558448,1.58921845 43.23513135,1.58939196 43.23477929,1.59062629 43.23439861,1.59186574 43.23401636,1.59272589 43.2346395,1.59301524 43.23371857))"
PLOT00223,CLIENT00308,43.093126,1.86356,10.5,2026-04-24,Maïs semence,False,"POLYGON((1.86212619 43.09100585,1.8621908 43.0909866,1.8635825 43.09113179,1.8648019 43.09153832,1.86517302 43.09545827,1.86221731 43.09479045,1.86204322 43.09479686,1.86212619 43.09100585))"
PLOT00225,CLIENT00308,43.306441,1.47924,25,2026-04-18,Maïs semence,False,"POLYGON((1.47431257 43.30889223,1.47369119 43.30828634,1.4732438 43.30769853,1.4731071 43.30702028,1.4733805 43.30636916,1.47367877 43.30476845,1.47484695 43.30437052,1.47616435 43.3040076,1.47626189 43.30398225,1.476521151 43.30391488,1.47864431 43.30940824,1.47809367 43.3095535,1.47669865 43.30978749,1.47538133 43.30947098,1.47431257 43.30889223))"
PLOT00228,CLIENT00308,42.9819,1.889925,20,2026-05-13,Maïs semence,False,"MULTIPOLYGON(((1.8929329 42.98256468,1.89162614 42.98255646,1.89160804 42.98255635,1.89160406 42.98255632,1.89160655 42.98263977,1.89160979 42.98274833,1.89163606 42.98362716,1.89054781 42.98368407,1.88639567 42.98372019,1.88617777 42.98364579,1.88516487 42.98329995,1.88585474 42.98095253,1.88594368 42.98094568,1.88976712 42.98065104,1.88978373 42.98064985,1.89298768 42.98042058,1.89296275 42.98139622,1.8929329 42.98256468)),((1.88567336 42.9809472,1.88541012 42.98219603,1.88501452 42.98310118,1.88507307 42.98333481,1.88498856 42.98353263,1.88402385 42.98355676,1.88145952 42.98338787,1.88168214 42.98316468,1.8816739 42.98280276,1.88196249 42.98235639,1.88169863 42.98186176,1.88122864 42.98166873,1.88007058 42.98153341,1.8788463 42.98136269,1.87879772 42.98081495,1.88054427 42.98046229,1.88142653 42.98045626,1.88293694 42.98053752,1.88449158 42.98085051,1.88493085 42.98101123,1.88567336 42.9809472)))"
PLOT00229,CLIENT00308,43.088649,1.9015,16,2026-05-08,Maïs semence,False,"POLYGON((1.89886451 43.08938404,1.89936876 43.08909413,1.89959407 43.08871804,1.89956188 43.08840463,1.89957261 43.08801287,1.89955115 43.08743305,1.89937949 43.08672786,1.89939022 43.08621855,1.90011978 43.08585028,1.90062404 43.08588946,1.9013536 43.08601483,1.90165401 43.0861402,1.90217972 43.08639094,1.90237284 43.08661033,1.90252549 43.08718137,1.90390706 43.08789534,1.9046473 43.08863903,1.9046473 43.08932868,1.90461132 43.08972276,1.90363101 43.09009713,1.90289855 43.09067682,1.90263271 43.09088527,1.90162542 43.09097066,1.90033932 43.09078019,1.89983567 43.09035328,1.89924002 43.08983847,1.89886451 43.08938404))"
PLOT00234,CLIENT00308,43.277355,1.600542,23,2026-04-29,Maïs semence,False,"POLYGON((1.59942804 43.27714334,1.5993937 43.2770501,1.5992591 43.27668459,1.59889714 43.27629443,1.59882192 43.2759556,1.59843645 43.27578448,1.59843645 43.275408,1.5975903 43.27549356,1.59710612 43.27472007,1.59775483 43.2747714,1.59929201 43.2746345,1.6003309 43.27445311,1.6025779 43.27571603,1.60270012 43.2763663,1.6027049 43.27652399,1.6027049 43.2766775,1.60286613 43.27764365,1.60255607 43.2785195,1.60188364 43.27902127,1.60189328 43.27914384,1.60133437 43.27945894,1.60080317 43.27972588,1.60008394 43.27986962,1.59968905 43.27991151,1.59967583 43.27991291,1.59937411 43.27994491,1.59896984 43.27994149,1.59844082 43.27972845,1.59834949 43.27918879,1.59828855 43.277266,1.59927338 43.27717211,1.59943303 43.27715689,1.59942804 43.27714334))"
PLOT00243,CLIENT00308,43.951112,1.35848,3.4,2026-04-27,Maïs semence,False,"POLYGON((1.35748637 43.95220691,1.35743881 43.952122622,1.357437466 43.952100355,1.357449226 43.952081193,1.357449229 43.952081189,1.35756822 43.951893903,1.357568221 43.951893902,1.3576924 43.95171232,1.358073129 43.951099205,1.358073135 43.951099196,1.358117504 43.951029362,1.358117522 43.951029332,1.358134342 43.951002991,1.358134345 43.951002987,1.35888654 43.94987046,1.35901383 43.9496788,1.359022504 43.949663888,1.35903867 43.94964048,1.359157764 43.949431353,1.35930643 43.94917577,1.35942079 43.94897581,1.359468464 43.948892454,1.35954999 43.94880115,1.35962654 43.948750833,1.35972381 43.94872049,1.359745884 43.9487136,1.359808867 43.948705354,1.359850671 43.948702162,1.360039963 43.94870747,1.36022205 43.9487254,1.360226846 43.948813354,1.3601789 43.94892632,1.360173627 43.948939212,1.36002278 43.9492811,1.359955046 43.949473609,1.35993347 43.94952636,1.35976474 43.95000124,1.359746007 43.95006773,1.35971813 43.95014696,1.35968478 43.95024176,1.35937958 43.95138036,1.359367033 43.951503931,1.35934757 43.95161057,1.35934481 43.951722794,1.35931652 43.95200141,1.359337463 43.952021514,1.35933734 43.95202653,1.35929132 43.95227316,1.359224585 43.952312731,1.35919796 43.95231374,1.359071448 43.952550092,1.35904589 43.95259342,1.35872014 43.95319578,1.3583929 43.95310008,1.358240886 43.953056519,1.35786985 43.95293956,1.35799052 43.95263187,1.357890874 43.952546852,1.35786624 43.95251848,1.35791336 43.95231269,1.35748637 43.95220691))"
PLOT00246,CLIENT00308,43.120664,1.354394,10,2026-04-29,Maïs semence,False,"MULTIPOLYGON(((1.3547831 43.121787968997,1.35452057 43.121578328971,1.35456531 43.121545678966,1.3545318099 43.121501538961,1.35441573 43.121461668956,1.35379197 43.121679128983,1.35375356 43.121700268986,1.35375329 43.121700358986,1.35372104 43.121711088988,1.35322485 43.12126304893,1.35341578 43.121172228919,1.35347497 43.121111768911,1.3532367 43.120882258881,1.35325907 43.120836918876,1.35310248 43.120664618854,1.3530353799 43.120646488851,1.35252308 43.120217318796,1.35399107 43.11938478869,1.35492368 43.120253618801,1.35577791 43.121033118901,1.3559195799 43.121163698917,1.3558823 43.121212668924,1.35597675 43.121312418837,1.3548049 43.121780378996,1.3547831 43.121787968997)),((1.3510629999 43.12155955,1.35192299 43.12091751,1.35227594 43.12141808,1.35241513 43.12145073,1.3528625299 43.12131289,1.35359824 43.12243009,1.3530564 43.12272753,1.35250958 43.12286899,1.35225605 43.12321357,1.35204727 43.1231192699,1.35177883 43.1228762399,1.35155016 43.12246637,1.3510629999 43.12155955)))"
PLOT00250,CLIENT00308,43.167079,1.707343,8,2026-05-19,Maïs semence,False,"POLYGON((1.70671953 43.16601704,1.70672752 43.16594544,1.706753628 43.165711489,1.708722834 43.166000164,1.70870521 43.16631382,1.71003986 43.16649189,1.70976316 43.16765527,1.70745711 43.16738989,1.70212966 43.1667768,1.70219477 43.16538785,1.70671953 43.16601704))"
PLOT00252,CLIENT00308,43.223448,1.732278,9.54,2026-05-21,Maïs semence,False,"MULTIPOLYGON(((1.73097986 43.22199073,1.73087278 43.22198113,1.73022141 43.22185554,1.73057487 43.22179117,1.73115588 43.22145651,1.73218278 43.22094469,1.73291242 43.22071831,1.73097986 43.22199073)),((1.7305071 43.222413747563,1.72895184 43.225198768992,1.72814319 43.22515638897,1.726800246 43.225086004934,1.7269170706478 43.224680035287,1.72668043998 43.224625588354,1.7265192093019 43.224785992527,1.7264385939629 43.224999096854,1.725432691048 43.224925839855,1.7256271139344 43.224248148863,1.7261642076561 43.223057141368,1.7263040084842 43.222797806487,1.7270768106398 43.222335199688,1.7280468202704 43.222274293201,1.7274160261356 43.222798924851,1.7277014438875 43.223131601196,1.72809415 43.223261007998,1.72857661 43.223385248061,1.72911656 43.222172507439,1.729814 43.221910287305,1.729825192 43.221896416298,1.72997545 43.221869057284,1.73036871 43.221931937316,1.73052597 43.221957087329,1.73089407 43.222015947359,1.73085014 43.222044867374,1.7305071 43.222413747563)))"
PLOT00254,CLIENT00308,43.947484,1.474176,15,2026-04-24,Maïs semence,False,"POLYGON((1.477636819 43.948103152,1.47716331 43.94846918,1.476586523 43.948943742,1.47656559 43.94895964,1.47633214 43.94914816,1.47619313 43.94920683,1.47607872 43.94900632,1.4759627 43.94881259,1.47583148 43.94859258,1.4750639 43.94732758,1.4749751 43.94716884,1.47502154 43.94714734,1.47492434 43.94699958,1.47487263 43.94700744,1.47461686 43.94658619,1.4743351 43.94612358,1.47389986 43.94540244,1.47374216 43.94513728,1.47433247 43.94508296,1.47527436 43.94483775,1.47537365 43.944802922,1.475660605 43.944737114,1.4757834 43.94472343,1.47605668 43.94465248,1.47635145 43.94453339,1.47668552 43.94444467,1.47689946 43.94441702,1.47702813 43.94436309,1.47710161 43.94429785,1.47743158 43.94413959,1.4776463 43.94406575,1.47793097 43.9439453,1.47797571 43.94396466,1.478333 43.9445558,1.4792855 43.94612627,1.47932785 43.94619444,1.47926905 43.94632828,1.4791822 43.94652446,1.47915008 43.94660048,1.47905002 43.94680955,1.47884941 43.94719456,1.47837362 43.94751784,1.4779392 43.9478191,1.47777522 43.94794971,1.477636819 43.948103152))"
PLOT00257,CLIENT00308,43.271577,1.559121,68,2026-04-22,Maïs semence,False,"POLYGON((1.55926736 43.27162262,1.56163573 43.27236226,1.56151347 43.27255366,1.56131387 43.27286611,1.56134276 43.27287535,1.56197369 43.27307703,1.5622741 43.27257317,1.56421771 43.27326648,1.5634749 43.27575134,1.56342378 43.27592235,1.56306705 43.27719645,1.56263745 43.27790769,1.56258791 43.2779897,1.56079379 43.27737902,1.56027317 43.27686554,1.55997276 43.27637344,1.55944705 43.27653747,1.55909705 43.27659207,1.55904944 43.2765995,1.55884624 43.2766312,1.55541703 43.27554377,1.55540666 43.27554048,1.55500531 43.27511582,1.55489389 43.27484859,1.55489237 43.27484494,1.55482292 43.27467838,1.5547292 43.27417343,1.55471775 43.27411176,1.55471563 43.27410034,1.55472996 43.27406087,1.55491314 43.27355637,1.55528639 43.27302531,1.55565738 43.27251557,1.55613516 43.27185911,1.55684234 43.27194957,1.55701731 43.27197195,1.55716592 43.27196898,1.55722618 43.27196777,1.55759772 43.27145765,1.55760169 43.27145219,1.5589325 43.27181055,1.55901962 43.27172406,1.55905052 43.27169338,1.55906749 43.2716655,1.55912135 43.27157702,1.55913607 43.27158162,1.55926736 43.27162262))"
PLOT00259,CLIENT00308,43.256542,1.573027,15,2026-04-23,Maïs semence,False,"POLYGON((1.57569676 43.25693212,1.57555091 43.25729224,1.57533996 43.2576228,1.57502264 43.25792206,1.5750048 43.25793888,1.57269514 43.25849732,1.57250825 43.25860756,1.57196562 43.25853072,1.57157143 43.25833694,1.57117724 43.25797092,1.57083641 43.25767638,1.57043019 43.25743453,1.57016144 43.25735579,1.57004405 43.25696546,1.57005023 43.25658863,1.5701877 43.2560993,1.57036687 43.25568534,1.57039118 43.25566988,1.57070358 43.25547112,1.57071769 43.25545978,1.57098623 43.25524389,1.57099236 43.25524091,1.57185721 43.25482017,1.5723598 43.25461203,1.57273428 43.25454026,1.57364239 43.25467142,1.5736507 43.25465018,1.57489148 43.25535094,1.57568529 43.25650257,1.57569676 43.25693212))"
PLOT00260,CLIENT00308,43.238467,1.614497,44,2026-04-16,Maïs semence,False,"POLYGON((1.60897578 43.23439955,1.60898053 43.23439622,1.60915612 43.23420944,1.60917295 43.23419154,1.60923201 43.23418367,1.60976177 43.23411303,1.61031896 43.23358655,1.61046947 43.23344434,1.61083382 43.23322808,1.6109052 43.23318571,1.61155348 43.23292333,1.61170279 43.23289585,1.61175238 43.23288672,1.61280621 43.23269276,1.61283365 43.23270039,1.6128679 43.23270991,1.61295116 43.23273306,1.61345156 43.23287219,1.61425628 43.23309524,1.61514479 43.23336984,1.61620943 43.23373164,1.61643973 43.23601152,1.61645707 43.23618321,1.61649262 43.23647081,1.61652238 43.23671156,1.61658088 43.23731104,1.61662306 43.23776108,1.61663967 43.2381111,1.6166462 43.23824877,1.61664918 43.23830426,1.61665116 43.23834107,1.61666116 43.23852731,1.61616997 43.23914981,1.61550053 43.23953144,1.61519247 43.23965972,1.61517405 43.23966739,1.61515664 43.23967464,1.61307657 43.23956451,1.61212787 43.23939709,1.61185302 43.23924841,1.61159586 43.23904422,1.61133628 43.23875329,1.61133053 43.23874684,1.61142073 43.23870832,1.61186663 43.23851787,1.61215389 43.23831786,1.61259049 43.23821851,1.61255775 43.2379267,1.61253199 43.23769711,1.61223945 43.23764457,1.61202358 43.23765756,1.6111376 43.23771085,1.61077266 43.2377328,1.61074584 43.23744055,1.61074137 43.2373918,1.61073808 43.23738445,1.61068014 43.23725501,1.61060258 43.23725996,1.6100693 43.23720639,1.60936423 43.23694535,1.60872851 43.2361538,1.60843955 43.23525277,1.60846267 43.23492435,1.608669724 43.234614272,1.60889399 43.23445694,1.60897578 43.23439955))"
PLOT00261,CLIENT00308,43.078913,1.769282,14,2026-05-06,Maïs semence,False,"MULTIPOLYGON(((1.76928163 43.07891342,1.76889539 43.07889775,1.76861107 43.07881155,1.76846087 43.07869792,1.76814437 43.07876845,1.76776886 43.07801908,1.76952571 43.07763704,1.77128121 43.07725745,1.77216232 43.07712276,1.77235007 43.0771306,1.77257226 43.07707538,1.7731999 43.07832532,1.7718588 43.07864662,1.76952302 43.07920337,1.76928163 43.07891342)),((1.75274312 43.0828433,1.75338149 43.08196958,1.75518619 43.08138151,1.75544679 43.08165613,1.75567746 43.08164438,1.75618172 43.08155818,1.75701857 43.0828433,1.75767651 43.08385898,1.75770638 43.08390509,1.75772667 43.08393641,1.75604986 43.08450414,1.75419688 43.08521364,1.75274312 43.0828433)))"
PLOT00266,CLIENT00308,43.261864,1.589551,19,2026-04-21,Maïs semence,False,"POLYGON((1.58908536 43.25909195,1.58971463 43.25925628,1.58971859 43.25925535,1.58982793 43.2592298,1.59307898 43.2586251,1.59311545 43.25886416,1.58926761 43.2643024,1.58887168 43.26450109,1.58864021 43.2645774,1.58863499 43.26458164,1.58862948 43.26458131,1.58806769 43.26466224,1.58738308 43.2646422,1.5865471 43.26447435,1.58624977 43.26436835,1.58608392 43.26430922,1.58588657 43.26423886,1.58583794 43.26420767,1.58529085 43.26385674,1.58473085 43.26332272,1.58471289 43.26330559,1.58452367 43.26277197,1.58444991 43.26259036,1.58437918 43.26241623,1.58435629 43.2623191,1.5866316 43.25845117,1.58762434 43.25871042,1.58829935 43.25888669,1.58908536 43.25909195))"
PLOT00268,CLIENT00308,43.151576,1.732632,4,2026-05-09,Maïs semence,False,"POLYGON((1.733721464713 43.152620653787,1.731554239829 43.15294156222,1.7314898668126 43.150444693626,1.7318010030584 43.150366420234,1.7319404779271 43.15033511085,1.7322194276647 43.150319456151,1.7324447332219 43.15019421842,1.7325734792546 43.150139426831,1.7330348192052 43.150155081576,1.7335605321721 43.150115944707,1.7340218721227 43.150029843508,1.7341077028112 43.150006361341,1.7340111432866 43.151156976884,1.733721464713 43.152620653787))"
PLOT00281,CLIENT00308,44.70636,4.81466,1.77,2026-05-13,Maïs semence,False,"MULTIPOLYGON(((4.8130508713264 44.704167303539,4.8130573759451 44.703808612569,4.8130633104635 44.703596857556,4.8131228891621 44.703404165778,4.8132028788056 44.703376990295,4.8138100938426 44.70345367219,4.814283198429 44.703499851632,4.8142413282754 44.70380879357,4.8141962533174 44.704073833985,4.8141645894046 44.704239741869,4.8140906737979 44.704338243133,4.8138990469084 44.704367681747,4.8136636143428 44.704315147139,4.8131259731788 44.704178741791,4.8130508713264 44.704167303539)),((4.8146107763094 44.70597721442,4.8149621489568 44.706156411461,4.8152437841698 44.706379452926,4.8155146855344 44.706668253623,4.8155643055282 44.706745933299,4.8155602813417 44.706827425446,4.8151311301283 44.706875083763,4.8147422120502 44.706897960332,4.8146590598164 44.706747365434,4.8143827904155 44.706743550601,4.8140729943381 44.706573889355,4.8140957921785 44.705687453673,4.8143023222727 44.705737971276,4.8145142167848 44.705845678471,4.8146054118913 44.705896195936,4.8146107763094 44.70597721442)))"
PLOT00314,CLIENT00308,44.334706,4.680878,1,2026-04-28,Maïs semence,False,"POLYGON((4.67958183 44.33721866,4.67947856 44.33588014,4.67952962 44.33587391,4.67952091 44.33581632,4.67945783 44.33522798,4.67941675 44.33455643,4.67941247 44.33448759,4.67937798 44.33443506,4.6793566 44.33441135,4.67952897 44.33721807,4.67852803 44.33728503,4.67822733 44.33710721,4.67695649 44.33682108,4.67674655 44.33436024,4.67793025 44.33444014,4.67799278 44.33529622,4.67812232 44.33629972,4.6782357 44.33710763,4.67848499 44.3372552,4.67833496 44.33614287,4.6782578 44.33527544,4.6782027 44.33490874,4.67816963 44.3342621,4.67599304 44.33410958,4.67591105 44.33403136,4.67664361 44.33273055,4.67923541 44.33284136,4.68090741 44.33311663,4.68138445 44.33320273,4.68193599 44.33327756,4.68222537 44.33330933,4.68329263 44.33345796,4.68331842 44.33348666,4.68332845 44.33355124,4.68327115 44.33367731,4.68311778 44.33391744,4.68278542 44.33440329,4.68278399 44.33450681,4.68283126 44.3346193,4.68286708 44.33467465,4.68291255 44.33481344,4.68296699 44.33515066,4.68314262 44.33651866,4.68225502 44.33656149,4.68230417 44.33702429,4.67958183 44.33721866))"
PLOT00367,CLIENT00308,43.105291,1.965888,0.5,2026-05-20,Maïs semence,False,"POLYGON((1.96598754 43.10500507,1.9659924 43.10503114,1.96672874 43.1054991,1.96659899 43.10581187,1.96653087 43.10587466,1.96630867 43.10587939,1.96605728 43.1058166,1.96570209 43.10564364,1.96550908 43.10547185,1.96526418 43.10506431,1.96537218 43.10497368,1.965581604 43.104833383,1.96598754 43.10500507))"
PLOT00370,CLIENT00308,44.176439,1.315503,0.5,2026-05-22,Maïs semence,False,"POLYGON((1.31476712 44.1764528,1.31484407 44.17614309,1.31676325 44.17666318,1.31667301 44.17674553,1.3165132 44.17680917,1.31637706 44.17689402,1.31634156 44.17688429,1.31476712 44.1764528))"
PLOT00376,CLIENT00308,43.191323,1.718592,22.5,2026-04-21,Maïs semence,False,"POLYGON((1.722335573 43.192835045,1.72229363 43.19283594,1.72218973 43.19284196,1.7202015 43.19295718,1.71814693 43.19273426,1.71776223 43.19269271,1.71756757 43.19267168,1.71728862 43.19257782,1.71704722 43.1924644,1.71683265 43.19226103,1.71632303 43.19229232,1.71573294 43.19232751,1.71554519 43.19215152,1.71538962 43.19187775,1.71528233 43.191647,1.71506239 43.19142407,1.71378566 43.19005909,1.71511067 43.18977749,1.71579732 43.18964061,1.71642954 43.18960882,1.71657516 43.1896015,1.71764268 43.18950763,1.71830786 43.18940203,1.71890868 43.18938637,1.7193432 43.18935118,1.71961142 43.18933945,1.72122074 43.18991439,1.72123379 43.1899176,1.721324962 43.189940008,1.722335573 43.192835045))"
PLOT00390,CLIENT00308,44.100268,1.55802,6.6,2026-05-23,Maïs semence,False,"POLYGON((1.55791712 44.10258917,1.55731967 44.10205435,1.55666399 44.10146741,1.55648804 44.10134106,1.55635071 44.10110684,1.55616188 44.10054325,1.55603743 44.10026685,1.55592585 44.10008348,1.55585933 44.09984772,1.55666828 44.09868449,1.55667365 44.09865955,1.55690968 44.09868806,1.55994585 44.09914245,1.55997918 44.09914744,1.56033325 44.09920043,1.56034613 44.10180333,1.56000488 44.10189284,1.55962944 44.10199131,1.5594449 44.10200056,1.55936337 44.10203446,1.55791712 44.10258917))"
PLOT00395,CLIENT00308,43.221704,1.694646,20,2026-05-08,Maïs semence,False,"POLYGON((1.690684373 43.220212942,1.69303053 43.21983894,1.69404286 43.21967756,1.69415083 43.21966035,1.69418993 43.21965412,1.69422709 43.2196482,1.69425679 43.21964145,1.69442728 43.21960268,1.69546262 43.21936725,1.69563663 43.21932768,1.69671928 43.21968518,1.69680645 43.21987295,1.69770756 43.22181404,1.6984045253442 43.223348027991,1.6975935158037 43.223576367304,1.7000517997695 43.226385443964,1.698476041377 43.227349494235,1.696687052218 43.229810851976,1.6959280313208 43.229833205295,1.6944958202149 43.227438911072,1.6922322128223 43.225902275387,1.6914815483301 43.224642650278,1.688778589707 43.225187959143,1.6877232142475 43.220775863729,1.690684373 43.220212942))"
PLOT00554,CLIENT00308,43.270349,1.633311,26.18,2026-04-29,Maïs semence,False,"POLYGON((1.6280431414948 43.26958562011,1.6295456550016 43.269026069111,1.6309082171812 43.2690495055,1.6311657092466 43.269541667586,1.6318308970823 43.269432298578,1.6316806933775 43.268549527243,1.6306507251158 43.268893262736,1.6295241973295 43.268932323465,1.6280114314451 43.269463546886,1.6274213454618 43.268406805251,1.6281079909696 43.268016193464,1.6284620425596 43.267969319881,1.628891196002 43.267734951425,1.6300928256407 43.267281836518,1.63069364046 43.267938070806,1.6318093404728 43.267359939431,1.6315947637516 43.267102131499,1.6317771539646 43.267000570499,1.6309993133503 43.266176357651,1.6316447254518 43.265897076231,1.631859302173 43.265959576462,1.6324493881562 43.265752544203,1.6364853235042 43.269723260502,1.6358092998076 43.271036716754,1.6340283130218 43.271364814541,1.6330579611679 43.270387603074,1.6322425696274 43.270778199643,1.6311696860214 43.271043803878,1.6312233302017 43.271246912217,1.6291312071701 43.271629691474,1.6290239188095 43.27157500887,1.6284767481705 43.270621961316,1.6280431414948 43.26958562011))"
PLOT00682,CLIENT00308,43.246308,2.160129,5.5,2026-05-21,Maïs semence,False,"POLYGON((2.1593028796234 43.248670296189,2.1594316256561 43.244465819176,2.1608263743439 43.244043792446,2.1607620013275 43.24848274206,2.1593028796234 43.248670296189))"
PLOT00690,CLIENT00308,43.635281,1.90197,0.9,2026-04-23,Maïs semence,False,"POLYGON((1.9028180659017 43.63502060822,1.9029682696065 43.635195320408,1.9033437788686 43.635564155579,1.9011711895665 43.636061108862,1.90107999446 43.635808750287,1.9009351551732 43.635432151673,1.9028180659017 43.63502060822))"
PLOT00693,CLIENT00308,43.196736,1.693929,10,2026-05-21,Maïs semence,False,"POLYGON((1.69020974 43.19590193,1.69109822 43.19553607,1.6925408 43.1967513,1.69318365 43.19718178,1.69339214 43.19794145,1.6935485 43.19871377,1.6925408 43.19861249,1.69161997 43.19846056,1.69021521 43.19759343,1.69020974 43.19590193))"
PLOT00697,CLIENT00308,43.853259,1.438392,21,2026-04-16,Maïs semence,False,"POLYGON((1.4448639497351 43.856795711683,1.4470740899633 43.856656458439,1.4487477883886 43.856656458439,1.4499065026831 43.856455314291,1.4499923333715 43.856439841636,1.4499494180273 43.857197997004,1.4497348413061 43.857855572936,1.4493700608801 43.858435780971,1.4490267381262 43.858892207324,1.4483186349462 43.859464669336,1.44754615875 43.859936559565,1.4467951402258 43.860423917684,1.4465591058325 43.860338823696,1.4460441217016 43.859998446531,1.4454218492102 43.860423917684,1.4449712380957 43.860485804144,1.444134388883 43.860431653495,1.4431044206213 43.860199578727,1.4413127049993 43.859410517759,1.4406797036718 43.858868999289,1.4400788888525 43.858018031755,1.4399608716558 43.857693113674,1.4398643121313 43.857352721405,1.4398535832952 43.857027799699,1.4398535832952 43.856478523266,1.4398772380324 43.856292851214,1.4448639497351 43.856795711683))"
PLOT00701,CLIENT00308,44.1139,1.473681,7,2026-05-21,Maïs semence,False,"POLYGON((1.47423943 44.11457606,1.47124662 44.11417025,1.47099299 44.11409221,1.47081908 44.11391532,1.47386985 44.11246375,1.47398457 44.11253227,1.47418553 44.11269426,1.47546274 44.11389195,1.47567974 44.11411457,1.47564194 44.11419298,1.47562351 44.11419626,1.47557621 44.1142854,1.47552828 44.11447642,1.47475277 44.11479749,1.47457585 44.11476056,1.47452313 44.11473165,1.47452653 44.11472899,1.47423943 44.11457606))"
PLOT00703,CLIENT00308,43.889282,1.104021,22,2026-04-16,Maïs semence,False,"POLYGON((1.10107619 43.88682348,1.10152437 43.88676113,1.10184221 43.88665963,1.10205334 43.88651168,1.10237675 43.88629245,1.10537112 43.88761735,1.10557401 43.88772182,1.10581555 43.88783325,1.10654982 43.88813272,1.108141153 43.88886769,1.10821876 43.88930341,1.10832819 43.88984879,1.10823834 43.89039692,1.10823428 43.89042168,1.10824218 43.89042549,1.1081826 43.89057719,1.10806666 43.89089057,1.10762433 43.89123511,1.10658094 43.89152134,1.10582333 43.89178603,1.10516022 43.89195621,1.1045013 43.89202517,1.10274939 43.89115112,1.10150284 43.89021636,1.09968356 43.88884453,1.09925971 43.88877179,1.09966671 43.88797044,1.1005119 43.88747024,1.100657 43.8872795,1.10107619 43.88682348))"
PLOT00710,CLIENT00308,44.038837,1.434199,7,2026-04-27,Maïs semence,False,"POLYGON((1.43541101 44.03658917,1.43682006 44.03710299,1.4363004 44.03810576,1.4356969 44.0386591,1.43353228 44.04084639,1.4319847 44.04020034,1.43204225 44.04005036,1.4336548 44.0385123,1.43541101 44.03658917))"
PLOT00711,CLIENT00308,43.985862,1.450576,15,2026-04-21,Maïs semence,False,"POLYGON((1.4540523053273 43.98685379026,1.450747823821 43.988733431625,1.4507800103292 43.988548171876,1.4508872986897 43.988332034771,1.4508390189275 43.988204667895,1.4506619931325 43.988077300745,1.4504540276187 43.987890153407,1.4502233576434 43.987481031544,1.4500597428935 43.98706225766,1.4499444079059 43.986849974839,1.4499218229444 43.986716311822,1.4500210646779 43.986614029598,1.4500827554853 43.986558063779,1.4500800732763 43.986500168047,1.4500013725657 43.986288763559,1.4500657455821 43.986186480599,1.4500228302378 43.985991563525,1.4498475124259 43.985604317632,1.4498206903358 43.985349571899,1.4498045970817 43.985083245646,1.4498206903358 43.984986750332,1.4520878033037 43.983709137586,1.4524364904757 43.983435084141,1.452677889287 43.983153309561,1.4528602795 43.983238228068,1.4533388415862 43.983463728102,1.4535587827255 43.983672163132,1.4537250796844 43.984054292118,1.4538870511232 43.98420131043,1.4543269334016 43.984552557268,1.4548421066244 43.985231277219,1.454944030567 43.98546672454,1.4550161953424 43.986000752146,1.454957186744 43.986172895544,1.4539057608102 43.986659220612,1.4540523053273 43.98685379026))"
PLOT00714,CLIENT00308,43.218553,2.126549,22,2026-04-22,Maïs semence,False,"POLYGON((2.1248424945 43.2167250453,2.1267533871442 43.216052949317,2.1271431386 43.2171674494,2.12716114 43.2172759,2.1271826893 43.2172636095,2.128314253 43.220014796,2.1263183144 43.2211346733,2.124477714074 43.216850146623,2.1248424945 43.2167250453))"
PLOT00716,CLIENT00308,43.872431,1.454929,10.5,2026-04-23,Maïs semence,False,"POLYGON((1.45431176 43.87131438,1.45463206 43.87110974,1.45534305 43.87119598,1.45609391 43.87161282,1.45757569 43.87282018,1.4575026 43.87288141,1.45684477 43.87327428,1.45667865 43.87340364,1.45639957 43.873533,1.45510628 43.87437105,1.45198081 43.87141158,1.45271837 43.87121994,1.45398088 43.87110974,1.45431176 43.87131438))"
PLOT00719,CLIENT00308,43.25023,1.58987,16,2026-04-19,Maïs semence,False,"POLYGON((1.58935555 43.25132743,1.58619664 43.25134093,1.58606908 43.25134147,1.58609732 43.25071751,1.58632107 43.25022587,1.58680017 43.24952642,1.58758112 43.248912,1.588722015 43.2486494,1.58872203 43.2486494,1.58949575 43.24867417,1.5894262 43.24823156,1.58931688 43.2475359,1.58942044 43.24733018,1.58984664 43.24749145,1.59053128 43.24790618,1.59073621 43.24811477,1.59126557 43.2486536,1.59164882 43.24895328,1.59202433 43.24926587,1.59251785 43.24971912,1.59252236 43.24972209,1.59340835 43.25030521,1.59356256 43.25079294,1.59368729 43.25128202,1.58935555 43.25132743))"
PLOT00720,CLIENT00308,43.064569,1.740603,15,2026-05-07,Maïs semence,False,"MULTIPOLYGON(((1.74111265 43.06050272,1.73927739 43.05971802,1.73898308 43.06002257,1.7383454 43.05978968,1.73765868 43.06079289,1.73623617 43.06056,1.73581923 43.06038086,1.73542682 43.06004049,1.73729079 43.05928807,1.73803904 43.05863904,1.73807562 43.05860731,1.7382473 43.05824901,1.73949812 43.05780113,1.7402339 43.05785488,1.74172999 43.05869688,1.74185262 43.0591985,1.74201474 43.0593485,1.74111265 43.06050272)),((1.73898308 43.06493095,1.73849256 43.06464434,1.73864503 43.06414323,1.73868877 43.06399946,1.7391733 43.06329167,1.73917929 43.06328292,1.74128852 43.06057792,1.74124011 43.06055722,1.74211209 43.05943857,1.7422205 43.05953888,1.74256387 43.05966428,1.74459952 43.06063166,1.74518815 43.06116909,1.74491836 43.06136614,1.74459952 43.06127657,1.74352038 43.06197522,1.74349585 43.06251264,1.74310344 43.06270969,1.74325059 43.06317544,1.74445237 43.06358745,1.7446731 43.06382033,1.7421224 43.0652713,1.74131304 43.06550416,1.74057727 43.06537877,1.73989054 43.06595199,1.73903213 43.06589825,1.73898308 43.06493095)))"
PLOT00726,CLIENT00308,44.112075,1.4711,6.5,2026-05-19,Maïs semence,False,"POLYGON((1.47025166 44.11062188,1.47029974 44.11059886,1.47035469 44.11057914,1.47060949 44.11068302,1.47292287 44.11270788,1.47281888 44.11275837,1.47143986 44.11333705,1.47049847 44.11364599,1.46890319 44.11222617,1.47009413 44.11162445,1.46984418 44.11132887,1.47015779 44.11078955,1.47025166 44.11062188))"
PLOT00730,CLIENT00308,43.874802,1.45168,18,2026-04-23,Maïs semence,False,"POLYGON((1.45507935 43.87440412,1.45473428 43.87460626,1.45405612 43.87491289,1.45418353 43.87500336,1.4534276 43.87549389,1.45309283 43.87578976,1.4521965 43.87644379,1.45046004 43.87411869,1.44918575 43.87344127,1.44909935 43.87360479,1.44957451 43.87398632,1.45035205 43.8742822,1.4520367 43.87667255,1.45152914 43.87685163,1.45101079 43.87734214,1.45079481 43.87759908,1.45042764 43.87782487,1.44988206 43.87728721,1.44897838 43.87589877,1.44896759 43.87498779,1.44890279 43.87484763,1.44864361 43.87427924,1.44893519 43.87370305,1.44918357 43.87326701,1.45199921 43.87162222,1.45507935 43.87440412))"
PLOT00743,CLIENT00308,43.283744,2.143916,9,2026-05-08,Maïs semence,False,"POLYGON((2.145693310726 43.284978496441,2.1447463472461 43.285125309361,2.1437206739673 43.285329152776,2.1434567432788 43.284197464007,2.1431134179346 43.282907210045,2.1428816716394 43.28216288053,2.1426963202788 43.281417133075,2.1425887090491 43.280980621406,2.1447626197375 43.280420632524,2.1458864297751 43.284603611281,2.145693310726 43.284978496441))"
PLOT00747,CLIENT00308,44.031443,1.449256,20,2026-04-20,Maïs semence,False,"POLYGON((1.44845295 44.0298222,1.45125961 44.03031588,1.45079721 44.03188949,1.45114053 44.03200519,1.45052899 44.03439633,1.45012665 44.03427752,1.44956875 44.03390728,1.44895077 44.03322234,1.44646168 44.03497479,1.44524288 44.03377153,1.44501972 44.0331668,1.44362068 44.03148835,1.44415105 44.03109867,1.44306029 44.02921169,1.4436777 44.02887129,1.44389468 44.02919257,1.445092 44.02888368,1.44585266 44.03013444,1.44546604 44.03040227,1.44598647 44.03089907,1.44650459 44.03142124,1.4466859 44.03157058,1.44676337 44.0315959,1.44689719 44.03166806,1.44703482 44.03180346,1.44716483 44.03193137,1.44756889 44.03211238,1.44708824 44.03158169,1.44845295 44.0298222))"
PLOT00749,CLIENT00308,43.922174,1.432905,10,2026-05-24,Maïs semence,False,"MULTIPOLYGON(((1.42612042 43.92351892,1.42692518 43.92306131,1.42776203 43.92397315,1.42827571 43.92368449,1.4290731 43.92334939,1.43109922 43.92559967,1.43031832 43.92597978,1.42983151 43.92601519,1.42958849 43.92566678,1.42896923 43.9248641,1.42929398 43.92474713,1.42841716 43.92372944,1.42786509 43.92404528,1.4295213 43.92601044,1.42920772 43.92614763,1.42898512 43.92622163,1.42754746 43.92657708,1.42533275 43.92458317,1.42643166 43.92405043,1.42642061 43.9240324,1.42643166 43.92402704,1.42612042 43.92351892)),((1.44521001 43.91406621,1.44498593 43.91365524,1.44634668 43.91322157,1.44569476 43.91221719,1.4470517 43.91214634,1.44766133 43.91204242,1.4490707 43.91346888,1.4473729 43.91449383,1.44624201 43.91540875,1.44532612 43.91429631,1.44531068 43.91430687,1.44526524 43.914189,1.44527379 43.91418318,1.44523695 43.91411561,1.44521626 43.91406195,1.44521001 43.91406621)),((1.43488387 43.92143594,1.43522521 43.921819,1.43515988 43.92184468,1.43395615 43.92231795,1.43397052 43.9223357,1.43395615 43.92234135,1.4346026 43.92313957,1.43400765 43.92336892,1.43359852 43.92356339,1.43298216 43.92389162,1.43292552 43.92392178,1.43229103 43.92301753,1.43227641 43.92300052,1.43229103 43.92299413,1.43164949 43.92224808,1.43172292 43.92219825,1.43454333 43.92105044,1.43480651 43.92130997,1.43485139 43.92127942,1.43493076 43.92140388,1.43488387 43.92143594)))"
PLOT00784,CLIENT00308,44.620051,4.872578,2,2026-04-22,Maïs semence,False,"POLYGON((4.87230118 44.61892731,4.87361919 44.620677,4.8728171 44.62122372,4.8715409502377 44.6198538517,4.87230118 44.61892731))"
PLOT00785,CLIENT00308,44.549454,4.79299,3.5,2026-04-25,Maïs semence,False,"POLYGON((4.7948353598022 44.549888139504,4.7909837076569 44.55013662736,4.7907262155914 44.549115908931,4.7945885965729 44.54879478033,4.7948353598022 44.549888139504))"
PLOT00801,CLIENT00308,43.062155,1.94483,4,2026-05-04,Maïs semence,False,"MULTIPOLYGON(((1.94323285 43.06315418,1.94287389 43.06325178,1.94292687 43.06303323,1.94346729 43.06252495,1.94409398 43.06200715,1.94433751 43.06196607,1.94465286 43.06168078,1.94475902 43.06162601,1.94507749 43.06267586,1.94492762 43.0627352,1.9448402 43.06270781,1.94458105 43.06271466,1.94414394 43.06299081,1.94403215 43.06297845,1.94370431 43.06298073,1.94344516 43.06303779,1.94323285 43.06315418)),((1.9453465 43.06260761,1.94509059 43.06267948,1.94476587 43.06162506,1.94499697 43.06153388,1.9453465 43.06260761)),((1.94228482 43.06312182,1.94235704 43.0629827,1.94238177 43.06294864,1.94238221 43.0629342,1.94239351 43.06291243,1.94246772 43.06221896,1.94261193 43.06212384,1.94331134 43.06196971,1.94353591 43.06199234,1.94257348 43.06297341,1.94215209 43.06334821,1.94201936 43.06353578,1.94184681 43.06357459,1.94184681 43.06341928,1.94184777 43.06341225,1.94228482 43.06312182)),((1.94650684 43.06077083,1.94690316 43.0621668,1.94571296 43.0625645,1.94537617 43.06257622,1.94502333 43.06152113,1.94650684 43.06077083)))"
PLOT00804,CLIENT00308,43.206106,1.735566,3.2,2026-05-02,Maïs semence,False,"POLYGON((1.73383471 43.20638685,1.73470055 43.2060187,1.73581172 43.20550329,1.7358178027 43.2054926788,1.73687853 43.20502907,1.7378196176721 43.20556159165,1.73409609 43.20726959,1.7339986523 43.2072308409,1.73366154 43.20674448,1.73383471 43.20638685))"
PLOT00809,CLIENT00308,44.114857,1.599577,4.5,2026-05-25,Maïs semence,False,"POLYGON((1.60132083 44.11578414,1.6010842183 44.1159168585,1.59785896 44.113948,1.59805567 44.11378778,1.60132083 44.11578414))"
PLOT00814,CLIENT00308,43.362629,1.937614,5,2026-05-12,Maïs semence,False,"POLYGON((1.9371819 43.36116995,1.9382847418099 43.360836913808,1.9397738217179 43.363187147249,1.9391256349458 43.363379102411,1.9378507190738 43.361360575295,1.9376826889349 43.361410795408,1.9389538262457 43.363474999999,1.93878438 43.3636646,1.93859984 43.36381889,1.937805348623 43.364120589509,1.9361997644428 43.361515872292,1.9371819 43.36116995))"
PLOT00818,CLIENT00308,44.112705,1.538695,3.7,2026-05-01,Maïs semence,False,"MULTIPOLYGON(((1.53861527 44.11095226,1.5387448 44.11210549,1.53806697 44.11228298,1.53779393 44.11234917,1.53764323 44.11238505,1.53694166 44.11255296,1.5364171 44.11266647,1.53640862 44.11203503,1.53639144 44.11057174,1.53743024 44.11050781,1.53857081 44.1104317,1.53861527 44.11095226)),((1.53638533 44.1110312,1.53638833 44.11135449,1.53640892 44.11267191,1.53625341 44.11269947,1.53604354 44.11274508,1.53604654 44.11245232,1.53604354 44.11205409,1.53604354 44.1117265,1.53604054 44.11144235,1.53604332 44.11106923,1.53603455 44.11067386,1.53619944 44.11062435,1.53637924 44.11056833,1.53638533 44.1110312)))"
PLOT00820,CLIENT00308,43.112583,1.711403,4,2026-05-08,Maïs semence,False,"POLYGON((1.70967397 43.1132096,1.7090903 43.11318537,1.7103606686 43.1118489395,1.71038286 43.11184982,1.71173859 43.1119036,1.7132550219 43.1119348137,1.713206 43.11316156,1.71165446 43.11310459,1.71160056 43.11327259,1.70967397 43.1132096))"
PLOT00821,CLIENT00308,43.03852,1.701314,6.6,2026-05-22,Maïs semence,False,"MULTIPOLYGON(((1.698611451164 43.03957904,1.7021601450639 43.0391512253,1.7021854849639 43.0391498035,1.702359999264 43.03934405,1.7023650155639 43.0393511737,1.7023501792639 43.0393530072,1.7025188638093 43.039569114996,1.7027426036658 43.039578159444,1.7027901005777 43.039731670313,1.7023095937388 43.040239705942,1.7021444421719 43.040070285081,1.7017292724705 43.040134562141,1.7000089217355 43.040229432153,1.6989323011639 43.0397754,1.698611451164 43.03957904)),((1.7002958 43.03700105,1.7015452840314 43.037437235593,1.701783787949 43.038184643976,1.7021390743011 43.039048445798,1.7011365455106 43.03913531385,1.7008421199 43.0386732699,1.70050392 43.03859726,1.70046924 43.03844524,1.6992899 43.0378815,1.6994199699 43.03771682,1.6993991163 43.0376284704,1.6994025 43.0376051,1.6993786058 43.0375415754,1.69937661 43.03753312,1.69937661 43.0373621,1.69952403 43.03722908,1.6999229199 43.03710873,1.6999747412 43.0370873338,1.7000119 43.037075,1.7000254495 43.0370663971,1.70012237 43.03702638,1.7002958 43.03700105)))"
PLOT00824,CLIENT00308,43.20028,1.556712,2.5,2026-04-25,Maïs semence,False,"POLYGON((1.55822038 43.20109728,1.55914967 43.20041227,1.55993688 43.20094823,1.5597608 43.20120372,1.55971873 43.20124644,1.55985572 43.20132089,1.55995701 43.2013754,1.55972531 43.20153301,1.55927348 43.20176419,1.55906134 43.20160084,1.55879818 43.20144242,1.5584366 43.20122559,1.55822038 43.20109728))"
PLOT00825,CLIENT00308,43.132481,1.381636,6,2026-05-03,Maïs semence,False,"POLYGON((1.3830631316 43.1322346636,1.38307029 43.13224421,1.3830896044 43.1322645654,1.38311708 43.1322956,1.38332714 43.13252388,1.38342061 43.13261413,1.38353332 43.13266828,1.38366528 43.13278662,1.38372852 43.13284478,1.38115548 43.13407762,1.3810647599 43.13406358,1.38088881 43.1338229,1.3807430999 43.13370457,1.38033537 43.13324331,1.37971255 43.13251785,1.3796493364 43.1323375538,1.37964472 43.13231092,1.3796468471 43.1323020886,1.38213522 43.1311024099,1.3821792 43.13111445,1.38303185 43.13219933,1.3830631316 43.1322346636))"
PLOT00827,CLIENT00308,43.193175,1.803589,6.1,2026-05-20,Maïs semence,False,"POLYGON((1.80222 43.19129082,1.80253384 43.19118017,1.80496353 43.19500839,1.80448772 43.19498626,1.8041330826461 43.194936535472,1.8033809202576 43.193662968573,1.8018766772461 43.191431617659,1.80222 43.19129082))"
PLOT00831,CLIENT00308,43.359872,1.791676,5.1,2026-05-21,Maïs semence,False,"POLYGON((1.7940899881134 43.360529429081,1.7934891732941 43.361481067605,1.7905065568695 43.359920996629,1.7888543161163 43.359000535937,1.7905280145416 43.358610506008,1.7940899881134 43.360529429081))"
PLOT00833,CLIENT00308,43.491571,1.948695,1.7,2026-05-10,Maïs semence,False,"MULTIPOLYGON(((1.94685993 43.49300432,1.94843394 43.49224044,1.95100047 43.49093428,1.95119651 43.49114611,1.94701908 43.49318717,1.94685993 43.49300432)),((1.94645283 43.49254023,1.94802684 43.49177634,1.95059337 43.49047018,1.95078941 43.49068201,1.94818069 43.49199233,1.94701757 43.49255768,1.94663956 43.49275176,1.94645283 43.49254023)),((1.94666801 43.49276806,1.94824202 43.49200417,1.95080855 43.49069801,1.95100459 43.49090984,1.94839587 43.49222016,1.94723275 43.49278551,1.94685474 43.49297959,1.94666801 43.49276806)),((1.950287455 43.490288517,1.95037594 43.49024737,1.950442031 43.490311326,1.95057423 43.49045418,1.94796551 43.4917645,1.94680239 43.49232985,1.94642438 43.49252393,1.94623765 43.4923124,1.94781166 43.49154851,1.950287453 43.490288518,1.950287455 43.490288517)))"
PLOT00834,CLIENT00308,43.505117,1.92296,1.4,2026-05-21,Maïs semence,False,"MULTIPOLYGON(((1.9189577976227 43.507406719271,1.9176488796234 43.506239487794,1.9190650859833 43.505865968955,1.9197946468353 43.507235526733,1.9189577976227 43.507406719271)),((1.9226699748993 43.506395119962,1.9207387844086 43.505227868924,1.9217902103424 43.504558634816,1.9221549907684 43.50424736061,1.9228201786041 43.50332909235,1.924772826767 43.504543071144,1.9251161495209 43.505134487866,1.9241934696197 43.505539138074,1.9226699748993 43.506395119962)))"
PLOT00835,CLIENT00308,43.50518,1.909588,2.6,2026-05-21,Maïs semence,False,"MULTIPOLYGON(((1.9086166 43.50544869,1.90824064 43.50494448,1.91079431 43.50421902,1.91106387 43.50456889,1.9086166 43.50544869)),((1.90865207 43.50549499,1.91114899 43.50459461,1.91129966 43.50484189,1.91041059 43.50515095,1.91058013 43.505415,1.90905423 43.5060091,1.90865207 43.50549499)))"
PLOT00836,CLIENT00308,43.505087,1.926724,5.2,2026-05-08,Maïs semence,False,"MULTIPOLYGON(((1.92484545 43.50533812,1.9254923 43.50503865,1.9253822 43.50491886,1.92789389 43.50438481,1.92798326 43.50436154,1.92810636 43.50465256,1.92484545 43.50533812)),((1.92467342 43.50550782,1.92462525 43.50541798,1.92812097 43.50469925,1.92824483 43.50496378,1.92470783 43.50556272,1.92467342 43.50550782)),((1.92492803 43.50554275,1.92511382 43.50550782,1.92543037 43.50545291,1.92604969 43.50535808,1.92639375 43.50530318,1.92728145 43.50514846,1.92826548 43.50500371,1.9283687 43.50522831,1.92481474 43.50577156,1.92466654 43.50557769,1.92492803 43.50554275)))"
PLOT00837,CLIENT00308,43.49136,1.953639,1,2026-04-30,Maïs semence,False,"POLYGON((1.9531484891479 43.491598371977,1.95257867 43.49092392,1.95244529 43.49076473,1.95259588 43.4907023,1.95286694 43.49075536,1.9535844780982 43.490602774753,1.9546410185736 43.491754782802,1.9538136769836 43.49233780048,1.9531484891479 43.491598371977))"
PLOT00838,CLIENT00308,43.508359,1.914388,2.9,2026-05-21,Maïs semence,False,"POLYGON((1.9152738902625 43.507786393445,1.9157669902625 43.508225134916,1.9157843402625 43.508240574968,1.9157864202625 43.508242424974,1.9153230102625 43.508463635715,1.9137151702624 43.509231128288,1.9132449202625 43.508790426811,1.9145986902624 43.508120514565,1.9152738902625 43.507786393445))"
PLOT00844,CLIENT00308,43.987838,1.620203,5.2,2026-04-22,Maïs semence,False,"POLYGON((1.61982711 43.98924577,1.61962362 43.98924577,1.61922771 43.98891805,1.61833438 43.98789871,1.61893097 43.98745728,1.61893845 43.98745175,1.61876877 43.98727455,1.61876678 43.98727247,1.61908221 43.98703008,1.61950582 43.98671565,1.61964947 43.98662228,1.61990247 43.9864464,1.6200359 43.9863711,1.62025205 43.98624248,1.62067534 43.98660574,1.62103743 43.98699836,1.62124142 43.98723686,1.62148111 43.98748638,1.6216698 43.9876625,1.6218687 43.98784963,1.62215429 43.98817987,1.62203713 43.98826518,1.62117395 43.98873542,1.62116947 43.98873095,1.62093922 43.98896998,1.62060322 43.98915384,1.62016784 43.98924237,1.61982711 43.98924577))"
PLOT00847,CLIENT00308,43.176027,1.879107,3.5,2026-05-14,Maïs semence,False,"MULTIPOLYGON(((1.879063628 43.180112582,1.8790411 43.18019883,1.87901616 43.1802943,1.87901427 43.18030243,1.87892639 43.18068092,1.87874559 43.1813401,1.87874551 43.1813404,1.878604769 43.181853523,1.87802822 43.18175071,1.878028474 43.181749623,1.878426921 43.180040573,1.87846085 43.17989504,1.87788451 43.17980598,1.87788536 43.17888783,1.87869061 43.17883053,1.87866304 43.17882061,1.87951582 43.1789772,1.87925383 43.17933874,1.879195553 43.179575456,1.87915542 43.17969252,1.87914491 43.17972318,1.87912817 43.17981776,1.879108407 43.179929439,1.87907029 43.18008427,1.879063628 43.180112582)),((1.87802941 43.18174971,1.878028474 43.181749623,1.8775196 43.1817022,1.87796506 43.17997666,1.878426921 43.180040573,1.87843326 43.18004145,1.87802941 43.18174971)))"
PLOT00852,CLIENT00308,43.656628,1.762163,1.1,2026-04-24,Maïs semence,False,"POLYGON((1.763423884 43.6567739622,1.7633072779 43.6568657504,1.7604145625 43.6571857712,1.76044137 43.65711195,1.7604603449 43.6570468677,1.7608238225409 43.655828200784,1.7649206378357 43.655087292788,1.763423884 43.6567739622))"
PLOT00854,CLIENT00308,43.251125,1.521694,3.1,2026-04-28,Maïs semence,False,"POLYGON((1.52078211 43.25058419,1.5218027145569 43.250201104043,1.5234275874097 43.251746912423,1.5221145984595 43.252484826638,1.5198594300989 43.251021800303,1.52078211 43.25058419))"
PLOT00855,CLIENT00308,43.195455,1.830392,4.4,2026-04-28,Maïs semence,False,"MULTIPOLYGON(((1.83220995 43.19647536,1.83245747 43.19665684,1.83265541 43.19717468,1.83271403 43.19734736,1.83298155 43.19934309,1.8322004 43.19901567,1.83171887 43.19634948,1.83220995 43.19647536)),((1.83031729 43.1931146,1.83056602 43.19310473,1.83114104 43.19758904,1.83086157 43.19755332,1.8305192 43.19748618,1.83018373 43.19721105,1.82971786 43.193192,1.83031729 43.1931146)))"
PLOT00858,CLIENT00308,43.885164,1.684625,4.5,2026-04-30,Maïs semence,False,"POLYGON((1.6826945499 43.8850592399,1.68422159 43.88433217,1.68527205 43.88383664,1.68552024 43.88413566,1.6857622 43.8844972,1.68582316 43.88487472,1.68608308 43.8855621,1.68627689 43.88570877,1.68665767 43.88587465,1.68670289 43.88591771,1.68603101 43.88620875,1.68563581 43.88633112,1.68136709 43.88482457,1.68158833 43.88466969,1.6826945499 43.8850592399))"
PLOT00859,CLIENT00308,43.420618,1.804857,6.5,2026-05-01,Maïs semence,False,"MULTIPOLYGON(((1.80562716 43.42260014,1.80269919 43.41919748,1.80411269 43.41859613,1.80714079 43.42227367,1.80562716 43.42260014)),((1.80406881 43.41053991,1.80455205 43.41269673,1.80332507 43.41278997,1.80273612 43.41094975,1.80406881 43.41053991)))"
PLOT00877,CLIENT00308,44.62889,4.899536,1,2026-04-21,Maïs semence,False,"POLYGON((4.9010495279824 44.631015242139,4.8978852252177 44.629041481529,4.8980763497524 44.628202904262,4.898382024138 44.627334602171,4.8988648217607 44.627487314288,4.8995031875062 44.627724017275,4.8997216670593 44.627784082303,4.9002902953705 44.627894797771,4.9004136769852 44.628097139286,4.9006497113785 44.628444554205,4.901105686911 44.62878108689,4.9010495279824 44.631015242139))"
PLOT00878,CLIENT00308,43.633661,1.749472,2.3,2026-04-24,Maïs semence,False,"POLYGON((1.7510359 43.6327245199,1.75094887 43.63298966,1.75092164 43.63307261,1.75085122 43.63324573,1.75078202 43.63342264,1.7501611597375 43.634201622514,1.7483732079098 43.635020022595,1.7475628634918 43.634569237946,1.7473257646557 43.634384570669,1.74867031 43.63351087,1.74882412 43.63342442,1.75018169 43.63266145,1.75126929 43.63205019,1.75119814 43.6322692,1.75112707 43.63248799,1.75107906 43.63263577,1.75106743 43.63266942,1.7510359 43.6327245199))"
PLOT01167,CLIENT00308,43.604301,1.998621,0.4,2026-05-21,Maïs semence,False,"POLYGON((1.9990345480413 43.604825137838,1.9974466803044 43.604281312516,1.9980153086156 43.603566563186,1.9997855665654 43.60410262598,1.9990345480413 43.604825137838))"
PLOT01168,CLIENT00308,43.600497,2.006583,3,2026-05-12,Maïs semence,False,"POLYGON((2.0067068694676 43.601464024542,2.0048936961736 43.599651493442,2.0057949184026 43.599130930256,2.0077046512212 43.601182078512,2.0067068694676 43.601464024542))"
PLOT01252,CLIENT00308,43.264203,1.649379,13.75,2026-04-16,Maïs grain *,False,"POLYGON((1.6525869544507 43.266073034841,1.6514506839275 43.265870627296,1.6494980357647 43.265870627296,1.6490259669781 43.265948752607,1.6457214854717 43.263089300879,1.646665623045 43.262745532611,1.6480174563885 43.262339258519,1.6488113902569 43.262229876569,1.6490688823223 43.262245502574,1.6494326766492 43.262604181481,1.6500120337964 43.262791692121,1.6509347136975 43.263463600507,1.6516428168774 43.263838615916,1.6519432242871 43.264166752505,1.6525225814343 43.265291778808,1.6527586158276 43.2659636596,1.6525869544507 43.266073034841))"
PLOT01263,CLIENT00308,43.212948,1.728897,2.4,2026-05-03,Maïs semence,False,"POLYGON((1.7283771393041 43.214609317143,1.7288277504186 43.211200089036,1.7297718879918 43.211465953126,1.7293856498937 43.214484211223,1.7283771393041 43.214609317143))"
PLOT01265,CLIENT00308,44.614394,4.766132,3.2,2026-05-22,Maïs semence,False,"POLYGON((4.7661697146353 44.616159090016,4.7653811451849 44.614070309482,4.7653342065271 44.613991071812,4.7653087255415 44.613911834035,4.7652832445559 44.61385550832,4.765265139645 44.613792977166,4.7652684924063 44.613745720753,4.7658371207174 44.613562422787,4.7664701220449 44.613325662058,4.7667812582907 44.613279837289,4.7671567675528 44.613501323336,4.7672211405691 44.613890831232,4.7672747847494 44.614081765522,4.7676502940115 44.614570554441,4.7676288363394 44.6148454964,4.7666095969137 44.61512807428,4.7665814767168 44.615272134832,4.7667209515856 44.61533323242,4.7667745957659 44.615516524797,4.7665492902086 44.6156845423,4.7666351208971 44.615867833568,4.7665492902086 44.616089309745,4.7661697146353 44.616159090016))"
PLOT01382,CLIENT00308,43.294214,2.087697,9,2026-04-26,Maïs semence,False,"MULTIPOLYGON(((2.0884998 43.29755746,2.08839867 43.2974082,2.08776052 43.29646637,2.08853126 43.29603913,2.090103169 43.295463246,2.09114776 43.29680631,2.0884998 43.29755746)),((2.08587952 43.2932747,2.08721774 43.29292444,2.08832596 43.29217822,2.08859778 43.29219345,2.08876506 43.29240665,2.08943417 43.29307673,2.09004055 43.29388385,2.09024965 43.29456914,2.09026016 43.29467627,2.08947224 43.29506406,2.08753347 43.29613127,2.08644408 43.29452345,2.08512677 43.29490416,2.08414401 43.29364019,2.08435311 43.29356405,2.08527314 43.29345745,2.08587952 43.2932747)))"
PLOT01384,CLIENT00308,43.762945,1.62454,24.52,2026-04-27,Maïs semence,False,"MULTIPOLYGON(((1.62094621 43.76043725,1.62112923 43.76043135,1.62266884 43.76026165,1.62303485 43.76018401,1.623457584 43.760123551,1.62346653 43.76016522,1.62368588 43.76061831,1.62452061 43.76192478,1.6253005 43.76257581,1.62235113 43.76381843,1.62148412 43.76287651,1.62087397 43.76242761,1.62089109 43.76241998,1.62048139 43.76197977,1.62020512 43.76180736,1.62011392 43.76161946,1.61998786 43.7612882,1.61996844 43.76092765,1.62038942 43.76063341,1.62066102 43.76046667,1.62094621 43.76043725)),((1.62670523 43.76067841,1.62677011 43.76066474,1.62693633 43.76062972,1.62717515 43.76057941,1.62771425 43.7614227,1.62802307 43.76190578,1.62829203 43.76247536,1.62736269 43.76259749,1.62736495 43.76260789,1.62734237 43.76261009,1.6258338 43.76294051,1.6258184 43.76292331,1.62534905 43.76250473,1.62467902 43.76190719,1.62400271 43.76090864,1.62363104 43.76028399,1.62343703 43.75935949,1.62364371 43.75936263,1.62394558 43.75940928,1.62429963 43.75980447,1.62494995 43.75975976,1.62527718 43.7600949,1.62548371 43.75996704,1.62547697 43.75996068,1.62548135 43.75996408,1.62597155 43.75983058,1.62670523 43.76067841)),((1.6270863102065 43.759377701855,1.6274296329604 43.759362204033,1.6277300403701 43.759408697487,1.6290818737136 43.760106094972,1.6318928287612 43.761547357348,1.6284596012222 43.762446191574,1.6281162784682 43.76176431857,1.6274725483047 43.760818981777,1.6272579715835 43.760276568677,1.6272150562392 43.759982113791,1.6270863102065 43.759377701855)))"
PLOT01389,CLIENT00308,43.232439,1.713607,10,2026-05-13,Maïs semence,False,"POLYGON((1.71559852 43.233090389,1.7155948 43.23317449,1.71571819 43.23377417,1.71569762 43.23396907,1.71594439 43.23432887,1.71582101 43.2351834,1.71538915 43.23557318,1.71256359 43.23336935,1.7141948 43.23202909,1.71479565 43.23247665,1.7152736 43.23284464,1.71559852 43.233090389))"
PLOT01390,CLIENT00308,43.280761,2.130827,3.93,2026-05-04,Maïs semence,False,"POLYGON((2.1310734272614 43.281997596379,2.1291422367706 43.279810626559,2.1305584431305 43.279232628545,2.1326398373261 43.281575829747,2.1321248531952 43.281763281944,2.1315884113922 43.281763281944,2.1310734272614 43.281997596379))"
PLOT01391,CLIENT00308,43.182277,1.836259,15,2026-05-11,Maïs semence,False,"POLYGON((1.83349371 43.18358791,1.83387995 43.18180422,1.83401942 43.18170252,1.83502793 43.17969189,1.83839679 43.18106883,1.8385148 43.18170252,1.83879375 43.18221886,1.8381393 43.18450321,1.83683038 43.18449538,1.83584332 43.18420593,1.83460951 43.1838539,1.83349371 43.18358791))"
PLOT01395,CLIENT00308,43.097476,1.728605,18,2026-04-25,Maïs semence,False,"POLYGON((1.72509859 43.09761728,1.72534185 43.09552343,1.72714784 43.09514126,1.72787762 43.09531889,1.72911601 43.09581948,1.73055344 43.09619089,1.73258058 43.0966215,1.73245527 43.09680989,1.73194664 43.09724588,1.73168864 43.09762266,1.73189504 43.09791332,1.73157807 43.09816091,1.73157807 43.09842466,1.73124635 43.09862919,1.73050921 43.09842466,1.72999321 43.09811247,1.72972784 43.09812862,1.72965413 43.09848924,1.72994898 43.0985646,1.72984578 43.09897366,1.7300743 43.09907055,1.72996373 43.0996357,1.72938139 43.10005014,1.72874744 43.09961955,1.72804716 43.09950114,1.72720682 43.0987799,1.72683087 43.09819859,1.72610847 43.09797791,1.72509859 43.09761728))"
PLOT01396,CLIENT00308,43.082497,1.785434,32,2026-05-08,Maïs semence,False,"POLYGON((1.78107451 43.08173587,1.78031631 43.08068482,1.78057936 43.08060006,1.78137624 43.08030622,1.78220478 43.08001597,1.78285467 43.07917397,1.78399197 43.079044,1.78474243 43.07898749,1.78511379 43.07954694,1.78545421 43.07986339,1.78591067 43.08037197,1.78704797 43.08077883,1.78772107 43.08119699,1.78875005 43.08148518,1.78971408 43.08198718,1.79004676 43.08234882,1.79176431 43.08196457,1.79133879 43.08391969,1.78986108 43.0840101,1.78904099 43.08408356,1.78665034 43.08489158,1.78558993 43.08525638,1.7850793 43.0854598,1.78405032 43.085909,1.78107451 43.08173587))"
PLOT01397,CLIENT00308,43.193948,1.613918,20,2026-05-05,Maïs semence,False,"POLYGON((1.61286232 43.19691036,1.61203541 43.19725764,1.61160397 43.19754594,1.6115377 43.1960892,1.61154591 43.19557014,1.61159634 43.19238309,1.61161217 43.19221285,1.61161353 43.19219823,1.61331783 43.19221285,1.61505155 43.19222772,1.61505289 43.19222773,1.6150196 43.1922689,1.61390979 43.1936415,1.61386896 43.19426652,1.61387011 43.19428259,1.61398123 43.19582905,1.61399979 43.19629912,1.61400727 43.19648859,1.61377911 43.1966024,1.61286232 43.19691036))"
PLOT01399,CLIENT00308,43.176436,1.714445,22,2026-05-01,Maïs semence,False,"POLYGON((1.71232289 43.17952543,1.71197257 43.17865631,1.71229954 43.17850293,1.71206599 43.17792351,1.71234625 43.17787239,1.71187915 43.17688395,1.71143541 43.17550352,1.71248638 43.17490702,1.7144949 43.17429348,1.71514883 43.17417418,1.71430806 43.17231647,1.71715735 43.17212899,1.7180682 43.17371402,1.71860536 43.17601479,1.7161998 43.17644085,1.71662019 43.17797464,1.71591955 43.1783666,1.71596626 43.17879264,1.71232289 43.17952543))"
PLOT01403,CLIENT00308,43.160596,1.635316,13.19,2026-04-22,Maïs semence,False,"POLYGON((1.634881895 43.15805855,1.63571989 43.15799371,1.63636811 43.15944377,1.6363537 43.16068365,1.63590716 43.16168184,1.63579192 43.16232277,1.63579192 43.16290066,1.63418767 43.162953608,1.63416708 43.16294906,1.6328078737305 43.162984660085,1.6327720007593 43.159562956836,1.634881895 43.15805855))"
PLOT01544,CLIENT00308,43.894617,1.466612,21.5,2026-04-29,Maïs semence,False,"MULTIPOLYGON(((1.46159549 43.8927469,1.46276234 43.89239087,1.46412913 43.89184757,1.46566872 43.89082224,1.46584437 43.89090137,1.46585371 43.89090558,1.4658978 43.89092544,1.46651344 43.8905694,1.46814325 43.89213374,1.47085181 43.89483184,1.47074444 43.89498147,1.47055115 43.89522914,1.47029769 43.89550512,1.46937544 43.89664026,1.46879256 43.89678204,1.46837166 43.89642811,1.46772276 43.89632699,1.46712648 43.89566969,1.46668803 43.89580873,1.46647758 43.89556856,1.46609175 43.89582137,1.46608467 43.89610829,1.46661962 43.8968808,1.46692906 43.89755295,1.46567223 43.89799012,1.46167275 43.89287785,1.46159549 43.8927469)),((1.50025085 43.84683788,1.49972139 43.84706067,1.49970339 43.84708638,1.49966713 43.84713817,1.49960133 43.84714233,1.49961642 43.84712586,1.49921906 43.84621351,1.49886597 43.84561797,1.49883321 43.845425,1.49887721 43.84511143,1.49904148 43.84457819,1.49912362 43.8441437,1.49922361 43.84370189,1.49925091 43.84328443,1.49934264 43.84291919,1.49937706 43.84284418,1.49995514 43.84304435,1.5006103 43.84325564,1.50113442 43.84347249,1.50145044 43.84357814,1.50174333 43.84368378,1.5020054 43.84374495,1.50215955 43.84377831,1.50233683 43.84383391,1.50262972 43.84392843,1.50220332 43.8440728,1.501829 43.84434573,1.50169559 43.844443,1.50144446 43.84465173,1.50140323 43.84469304,1.50140281 43.84469336,1.50140233 43.84469393,1.50119713 43.84489951,1.50101738 43.84512159,1.50074789 43.84552855,1.50062233 43.84580817,1.50057703 43.84596576,1.50055838 43.84597858,1.5005184 43.84621351,1.50048362 43.84654968,1.50045231 43.84674644,1.50025085 43.84683788)))"
PLOT01545,CLIENT00308,43.87674,1.413897,18,2026-04-17,Maïs semence,False,"POLYGON((1.41170246 43.8742495,1.41182523 43.87438775,1.41213216 43.87422185,1.41232399 43.87416102,1.41250047 43.8740836,1.41277199 43.87380421,1.41291927 43.87378787,1.41413145 43.8767529,1.41427873 43.87673657,1.41350837 43.87463737,1.41465258 43.87391039,1.41491314 43.87378787,1.41520769 43.87387772,1.41543427 43.8739349,1.41570616 43.87400025,1.41591166 43.87418911,1.41637456 43.87528266,1.41681638 43.87634451,1.41613117 43.87650412,1.41560939 43.87661471,1.41378556 43.87691701,1.41452193 43.87882827,1.41503173 43.88002891,1.41494675 43.88017883,1.413561 43.88028146,1.41327183 43.88023745,1.41309011 43.88020979,1.41269813 43.88015014,1.41260736 43.88011875,1.41056287 43.87483341,1.4107328 43.87467004,1.41091407 43.87453935,1.41125393 43.87431064,1.41150317 43.87422896,1.41170246 43.8742495))"
PLOT01551,CLIENT00308,43.30537,1.771062,2.3,2026-04-28,Maïs semence,False,"POLYGON((1.77011358 43.3066332,1.76943577 43.30631807,1.77165747 43.30400256,1.77280597 43.30472874,1.77011358 43.3066332))"
PLOT01558,CLIENT00308,43.109995,1.364821,4,2026-05-08,Maïs semence,False,"POLYGON((1.363660497348 43.109984230294,1.3637034126922 43.109921570152,1.3657097050353 43.108918999147,1.3663319775268 43.109561273087,1.3663105198547 43.109788417136,1.3652376362487 43.110736147001,1.3646797367736 43.110837968345,1.363660497348 43.109984230294))"
PLOT01599,CLIENT00308,44.20753,1.489901,7,2026-05-09,Maïs semence,False,"POLYGON((1.48935274 44.20934865,1.48848537 44.2096482,1.48814861 44.20933593,1.48761854 44.20876806,1.48667286 44.20781267,1.48693615 44.20765851,1.48814524 44.20690782,1.48856592 44.20700836,1.48887437 44.20682196,1.48941591 44.20645721,1.48977538 44.20672805,1.49015313 44.20716489,1.49036638 44.20736147,1.49059181 44.20757988,1.49105746 44.20805783,1.49088121 44.20822055,1.49023976 44.20891655,1.49005387 44.20910289,1.48935274 44.20934865))"
PLOT01787,CLIENT00308,43.984107,1.601958,5,2026-04-24,Maïs semence,False,"MULTIPOLYGON(((1.59377327 43.98405983,1.59377232 43.98405934,1.59377327 43.98405556,1.59394094 43.98370306,1.59394094 43.98346665,1.59582301 43.98475155,1.59585453 43.98477307,1.59596372 43.9848624,1.59596908 43.98487106,1.59633377 43.98546001,1.59633409 43.98546052,1.59661733 43.98544817,1.59661461 43.98544402,1.59661733 43.9854439,1.59659616 43.98541165,1.59655108 43.98534297,1.59669428 43.98546013,1.59670988 43.98547289,1.59670745 43.98555159,1.59670758 43.9855516,1.59670745 43.98555586,1.59681243 43.98556107,1.59681799 43.98556135,1.59687382 43.98560702,1.59640275 43.98559212,1.59640369 43.98559253,1.59641326 43.98559672,1.59640275 43.98559639,1.59640369 43.9855968,1.59699499 43.98585576,1.59768868 43.98754415,1.59695312 43.98781303,1.59695155 43.98780921,1.59639417 43.98645052,1.59558736 43.98578433,1.59557912 43.98578746,1.59552771 43.985807,1.59547642 43.98572691,1.5955187 43.98570755,1.59551492 43.98570501,1.5955187 43.98570328,1.59525262 43.98552418,1.59482347 43.98533274,1.59401666 43.98473987,1.59373415 43.98421628,1.59377327 43.98405983)),((1.59387933 43.98484913,1.59494363 43.98557786,1.59513827 43.98587623,1.59514104 43.98588047,1.59523089 43.98583933,1.59523324 43.98583826,1.59527951 43.9859013,1.59330761 43.98665058,1.59252789 43.98694686,1.59252574 43.98694311,1.59212259 43.98623865,1.59238675 43.9859595,1.59238174 43.98596052,1.59238675 43.98595523,1.59237184 43.98595827,1.59177237 43.98608068,1.59177 43.98607871,1.59128345 43.98567478,1.59123399 43.98563371,1.59130984 43.98544303,1.59135402 43.98537037,1.59153928 43.985224,1.59171151 43.98507868,1.59201938 43.98488053,1.59365345 43.98491068,1.59366476 43.98491089,1.59387086 43.98485157,1.59387933 43.98484913)),((1.59709426 43.98263204,1.59812293 43.98256709,1.59812795 43.98256677,1.59874164 43.98259456,1.599115 43.98267176,1.5991394 43.98267769,1.59894208 43.98280854,1.59882295 43.98288754,1.59760578 43.98369471,1.59722568 43.98390254,1.59721215 43.98390994,1.59711446 43.98396336,1.59711283 43.98396163,1.59680295 43.98363367,1.59628927 43.98391076,1.59586885 43.98404764,1.59554853 43.98420613,1.5954184 43.98429978,1.59446585 43.98355891,1.594235698 43.98339038,1.59418759 43.98335426,1.59396086 43.98318403,1.59396453 43.98315686,1.59397278 43.98309577,1.593983199 43.98301866,1.59403599 43.98295217,1.59596004 43.98230595,1.59634244 43.98285285,1.59634457 43.98285616,1.5963447 43.98285631,1.59634704 43.98285906,1.59709426 43.98263204)))"
PLOT01867,CLIENT00308,43.890834,1.218413,5.24,2026-04-21,Maïs grain *,False,"POLYGON((1.216249000946 43.891414881993,1.2165494083557 43.890054071518,1.2207765697632 43.890440668565,1.2205405353699 43.891786006727,1.216249000946 43.891414881993))"
PLOT01876,CLIENT00308,43.274125,1.639152,19.21,2026-05-01,Maïs semence,False,"POLYGON((1.6388388357585 43.27625003045,1.6384096823161 43.277015523622,1.6372938833659 43.277109256818,1.6362209997599 43.272781757063,1.6380234442179 43.271844351946,1.6392036161845 43.271875599016,1.6406627378886 43.272469290295,1.6423793516581 43.276031316346,1.6403837881511 43.276890545802,1.6395469389384 43.275437659816,1.6392036161845 43.275547018033,1.6388388357585 43.27625003045))"
PLOT01877,CLIENT00308,43.211462,1.736802,14.2,2026-05-01,Soja *,False,"POLYGON((1.7368775807037 43.21438818299,1.7335248194351 43.210056225405,1.7350965939178 43.209461925634,1.7354291878357 43.209454105862,1.7366308174744 43.209024016834,1.7396724424972 43.2131136498,1.7393666706695 43.21319966208,1.7386156521454 43.213324770635,1.7377734385147 43.213704004375,1.7372960053101 43.214177065836,1.7368775807037 43.21438818299))"
PLOT01913,CLIENT00308,44.50868,4.796687,2,2026-05-13,MAIS_SEMENCE,False,"POLYGON((4.79543476 44.50955587,4.7971226 44.50713922,4.79817263 44.50753803,4.79635895 44.51023314,4.79543476 44.50955587))"
PLOT01976,CLIENT00308,43.875702,1.408455,0.09,2026-04-17,Maïs semence,False,"POLYGON((1.4097987048735 43.875543197055,1.409541212808 43.876007226222,1.4094124667753 43.875481326227,1.4097987048735 43.875543197055))"
PLOT01977,CLIENT00308,43.890304,1.461801,26.79,2026-04-27,Maïs semence,False,"POLYGON((1.4605923598141 43.892261074,1.4588757460446 43.89097760137,1.4588972037167 43.89015802004,1.4592619841427 43.889013680072,1.4611717169613 43.887915711597,1.4626093809933 43.887714672923,1.4631672804684 43.888379644407,1.4623733466 43.88936935566,1.4630170767636 43.889941524976,1.4637680952878 43.890405442008,1.4638968413205 43.890668326722,1.4643903677792 43.890792036774,1.464883894238 43.891008528747,1.465203465821 43.89088924533,1.4655253309028 43.891175323375,1.4658364671486 43.891012954923,1.4676969094281 43.892785126317,1.4633747765479 43.895032694023,1.4611968228279 43.892187500412,1.4605923598141 43.892261074))"
PLOT01978,CLIENT00308,43.192532,1.723305,0.04,2026-04-23,Maïs semence,False,"POLYGON((1.7211914192963 43.189890326319,1.7217917903536 43.190113043164,1.7221672996157 43.190058287375,1.7226930125826 43.189917486548,1.7261262401216 43.190519798919,1.7273815139406 43.191595236151,1.7265768512361 43.19203327006,1.724752949106 43.192682493108,1.7249675258272 43.193190915973,1.7239804729097 43.193597651216,1.7237337096803 43.193331709248,1.7233903869264 43.192995369218,1.7228646739595 43.192799821837,1.722403334009 43.192807643744,1.7211914192963 43.189890326319))"
PLOT01979,CLIENT00308,44.084456,1.591064,10.1,2026-04-22,Maïs semence,False,"POLYGON((1.588714384903 44.083040120594,1.5892472063297 44.083548771765,1.5899123941654 44.083456290059,1.591092566132 44.084488994234,1.5919830595249 44.086639118964,1.5914358888859 44.086993612311,1.5893974100345 44.087571586038,1.5892793928379 44.087494523201,1.5877702473297 44.084519820947,1.5881350277557 44.083718321183,1.588714384903 44.083040120594))"
PLOT01981,CLIENT00308,43.077543,1.74864,5.5,2026-05-06,Maïs semence,False,"POLYGON((1.7477816931153 43.07710634932,1.7496892855214 43.076434367604,1.7498582363531 43.076596960411,1.7508560181067 43.078054585088,1.7495041847632 43.078658000209,1.7482810974524 43.07888525891,1.7478304863379 43.078830403438,1.7473369598791 43.078626654116,1.7469292641089 43.078407231011,1.746779060404 43.078125114435,1.7477816931153 43.07710634932))"
PLOT01982,CLIENT00308,43.195456,1.629137,8.43,2026-04-24,Maïs semence,False,"POLYGON((1.6301025952453 43.197437024196,1.6285576428528 43.197593450264,1.6270770634765 43.194965439102,1.6265620793457 43.194746433063,1.6262402142639 43.193917331652,1.6278924550171 43.192965291501,1.6281714047546 43.192449044804,1.6285263405175 43.193196412,1.6298701272339 43.196223395568,1.6297413812012 43.196489324934,1.6301025952453 43.197437024196))"
PLOT01983,CLIENT00308,43.259626,2.047492,4.57,2026-04-20,Maïs semence,False,"POLYGON((2.0500669206543 43.259503183976,2.0466969116518 43.260838151298,2.0455811127016 43.259717579702,2.0489499672244 43.258443994273,2.0492718323061 43.258717465783,2.0494113071749 43.259108137238,2.0497009857485 43.259240964961,2.0500669206543 43.259503183976))"
PLOT01984,CLIENT00308,43.2356,1.588325,0.01,2026-04-17,Maïs semence,False,"POLYGON((1.588289065327 43.235655051166,1.5882515144008 43.235580795198,1.5883641671795 43.235537804859,1.5884231757778 43.235623785506,1.588289065327 43.235655051166))"
PLOT01985,CLIENT00308,43.222153,1.699045,0.01,2026-04-21,Maïs semence,False,"POLYGON((1.6990181779098 43.222217743976,1.6989538048935 43.222104380894,1.6990825509262 43.222104380894,1.6991737460327 43.222186471423,1.6990181779098 43.222217743976))"
PLOT01986,CLIENT00308,44.08058,1.462144,8.09,2026-04-23,Maïs semence,False,"POLYGON((1.4622191018524 44.081522437264,1.462232162292 44.081570077825,1.462232162292 44.081439057651,1.4621677892756 44.081346572647,1.4620068567347 44.08131574428,1.4617279069972 44.080676052045,1.4615562456202 44.080598980225,1.4609232442927 44.080622101781,1.4601913518371 44.079376207228,1.4609852857056 44.078882935005,1.4607170648041 44.078667127115,1.4619186944427 44.077819302782,1.4624444074097 44.078196971485,1.4630881375732 44.078073651357,1.4641824788513 44.079310467753,1.4643434113922 44.079834565566,1.4633778161468 44.080196806929,1.4638069695892 44.081075425703,1.4622191018524 44.081522437264))"
PLOT01987,CLIENT00308,43.179814,1.854636,6.23,2026-05-09,Maïs semence,False,"POLYGON((1.8526940806732 43.180755021759,1.8531017764435 43.18000396581,1.853552387558 43.17981620038,1.8539386256561 43.178627005908,1.8565350039825 43.178627005908,1.8550544246063 43.181584301971,1.8544321521148 43.181553008582,1.8526940806732 43.180755021759))"
PLOT01988,CLIENT00308,43.262012,1.537258,11.46,2026-05-04,Maïs semence,False,"POLYGON((1.5349405714111 43.262623610791,1.5347693556889 43.262200693018,1.5349195593937 43.26165378006,1.535520374213 43.260841214593,1.5360139006718 43.260653697945,1.5371082419498 43.260403674849,1.5382240409 43.260434927793,1.5389106864078 43.260850818459,1.5393720263584 43.261093026569,1.539661704932 43.261663383798,1.5396724337681 43.262171231627,1.5395115012272 43.262686888166,1.5390716189487 43.263163475931,1.5384703584747 43.263475216699,1.5377086111145 43.263756478419,1.5363138624268 43.263615847722,1.5353268095093 43.2631861408,1.5349405714111 43.262623610791))"
PLOT01989,CLIENT00308,43.081807,1.745378,26.35,2026-05-01,Maïs semence,False,"POLYGON((1.7432644192962 43.084614470068,1.7430910679978 43.084296101949,1.7422542187852 43.084484160868,1.7421040150803 43.084249087129,1.7418465230149 43.084327445142,1.7415675732774 43.08385729556,1.7410740468186 43.083622219416,1.7411813351792 43.082760265837,1.7416319462937 43.082603545701,1.7418894383591 43.082384136838,1.7425992314606 43.080508394445,1.7425134007721 43.079928506628,1.7453028981476 43.079129192803,1.7456676785736 43.079724760957,1.7463543240814 43.079818797505,1.7479851071625 43.080163596945,1.7493583981781 43.08279654687,1.7471697156219 43.083736858708,1.7432644192962 43.084614470068))"
PLOT01990,CLIENT00308,43.253662,1.605992,21.54,2026-04-17,Maïs semence,False,"POLYGON((1.6077193426056 43.254883185519,1.6070434259338 43.255016022459,1.6067322896881 43.255211370374,1.6046899266181 43.255677346404,1.6044217057166 43.25569297409,1.6042178578315 43.255622649469,1.6040676541266 43.255663291763,1.6039818234381 43.255913334324,1.6034024662909 43.255999286217,1.6025763459143 43.255960217189,1.6017502255378 43.255569525538,1.601439089292 43.255147575738,1.6013854451117 43.25452245955,1.6027097866394 43.253401796501,1.6031603977539 43.253331469234,1.6040294334747 43.253526822552,1.6041581795074 43.252823547673,1.6045658752777 43.252206221919,1.6049628422119 43.251901463859,1.6050379440643 43.251760805779,1.6060100806091 43.25078947815,1.6065250647399 43.250601930547,1.6073404562805 43.250570672557,1.608598918285 43.251203219722,1.6086632913014 43.254313278814,1.607869357433 43.254516442977,1.6077193426056 43.254883185519))"
PLOT01991,CLIENT00308,43.294297,1.518703,15.55,2026-04-19,Maïs semence,False,"POLYGON((1.5207736653595 43.295220637896,1.5211809137756 43.295550375258,1.5190780281203 43.297361988691,1.5156611392253 43.294425924301,1.5184050476697 43.291826816581,1.521771447113 43.294416329437,1.5207736653595 43.295220637896))"
PLOT01992,CLIENT00308,43.918188,1.429243,13.82,2026-05-23,Maïs semence,False,"POLYGON((1.4263462142639 43.919697175443,1.4275440942667 43.919203014061,1.4263210069559 43.91801286229,1.4279748957781 43.91668684439,1.4287096560136 43.916350387009,1.4295786917344 43.915917586552,1.4322792606049 43.918707968273,1.4273869113617 43.920771373978,1.4263462142639 43.919697175443))"
PLOT01993,CLIENT00308,43.828418,1.479601,16.56,2026-04-24,Maïs semence,False,"POLYGON((1.4773010820003 43.829009218682,1.4769897282443 43.82881678904,1.476764422687 43.828971587066,1.4767268717608 43.828820658995,1.4767697871051 43.827768021839,1.4787224352679 43.826545081831,1.479108673366 43.826514120999,1.4801600992999 43.826452199287,1.4808252871356 43.826591523048,1.4822234296002 43.828211256262,1.4824809216656 43.828102896305,1.482556023518 43.829039429432,1.482281991015 43.829557676706,1.4817978907062 43.829873017915,1.4797458081174 43.830817753666,1.4789250521588 43.830771315737,1.4780414066875 43.830524315037,1.4777249060237 43.830292123888,1.4772206507289 43.830052192085,1.477075776443 43.829268504313,1.4773010820003 43.829009218682))"
PLOT01994,CLIENT00308,43.264834,1.598919,9.84,2026-04-29,Maïs semence,False,"POLYGON((1.5979426759186 43.266633084648,1.5958895475274 43.265124368022,1.5958895475274 43.264889988612,1.5956535131341 43.264811861942,1.5962972432977 43.264061840803,1.596793628573 43.263782925541,1.5976304777857 43.263423535491,1.5983814963099 43.263282904024,1.5994972952601 43.263282904024,1.6002268561121 43.263501663943,1.601797279268 43.264634892964,1.5985951398379 43.26564761412,1.5986702416903 43.265807771488,1.5979426759186 43.266633084648))"
PLOT01995,CLIENT00308,43.25994,1.583839,5.59,2026-04-21,Maïs semence,False,"POLYGON((1.5826051838532 43.261309509111,1.582918020348 43.259606385308,1.5829823933643 43.259489185094,1.5829254950949 43.25927822414,1.5831722583243 43.258160900234,1.5833546485373 43.258114019062,1.5852107371756 43.258444289216,1.5854360427329 43.259358460591,1.5852000083396 43.259717874638,1.5849547989502 43.260153156143,1.5846543915405 43.260700082581,1.5840964920654 43.260973543958,1.5833776600495 43.261239190977,1.5826051838532 43.261309509111))"
PLOT01997,CLIENT00308,44.614132,4.900753,1.88,2026-04-27,Maïs semence,False,"POLYGON((4.90110705159 44.615126995293,4.8993904378204 44.613385682675,4.9005491521149 44.613294033196,4.9021799351959 44.614897878195,4.90110705159 44.615126995293))"
PLOT01998,CLIENT00308,44.611994,4.835884,2.33,2026-04-26,Maïs semence,False,"POLYGON((4.837332392868 44.613279256303,4.8358518134918 44.612744631324,4.8353582870331 44.612378028493,4.8351007949676 44.611782293959,4.8348433029022 44.611125451363,4.8360449325409 44.61098797174,4.8369032394256 44.612484954558,4.837332392868 44.613279256303))"
PLOT01999,CLIENT00308,44.611134,4.88043,3.05,2026-04-25,Maïs semence,False,"POLYGON((4.8800115753937 44.6120679457,4.8798613716888 44.612006844677,4.8788635899353 44.610891739718,4.8790567089844 44.61061677904,4.8792176415253 44.610570952134,4.8816316296387 44.610418195518,4.8819964100647 44.610884101939,4.8816101719666 44.611342366903,4.8807196785736 44.612022119939,4.8800115753937 44.6120679457))"
PLOT02000,CLIENT00308,44.562271,4.92609,1.95,2026-04-18,Maïs semence,False,"POLYGON((4.9262402037048 44.563354789839,4.9252853372955 44.563056672011,4.9257526504355 44.561150417085,4.9268469917135 44.561150417085,4.9265715361048 44.562235397245,4.9262402037048 44.563354789839))"
PLOT02001,CLIENT00308,44.334295,4.705613,1.82,2026-05-01,Maïs semence,False,"POLYGON((4.7047208974541 44.334983051719,4.7046350667656 44.334388315759,4.7046191354325 44.334012980951,4.7063089271119 44.333855661681,4.7072155137589 44.333767409223,4.7073388953736 44.333859498741,4.707408632808 44.334339129311,4.7072906156113 44.334381336614,4.7066361566117 44.334454240064,4.7057416345551 44.33469597191,4.7048672344162 44.334964561681,4.7047208974541 44.334983051719))"
PLOT02125,CLIENT00308,44.113412,1.608264,4,2026-05-20,Maïs semence,False,"POLYGON((1.6081674404755 44.1134757897,1.6081030674591 44.113229296289,1.6083605595245 44.11339876062,1.6084034748688 44.113506601304,1.6081674404755 44.1134757897))"
PLOT02126,CLIENT00308,43.65693,1.749484,2.3,2026-05-27,Maïs semence,False,"POLYGON((1.7492157790985 43.657165047622,1.7491943214264 43.656652744501,1.7496878478851 43.656668268903,1.7499024246063 43.657180571891,1.7492157790985 43.657165047622))"
PLOT02127,CLIENT00308,43.65343,1.755489,4.1,2026-05-23,Maïs semence,False,"POLYGON((1.7551993214264 43.653618485777,1.7552636944427 43.653121677717,1.75584305159 43.653121677717,1.7559288822784 43.653649536144,1.7551993214264 43.653618485777))"
PLOT02128,CLIENT00308,43.146176,1.319562,1,2026-05-10,Maïs semence,False,"POLYGON((1.31920794841 43.146428693255,1.3193152367706 43.145771150449,1.31991605159 43.145786806312,1.31991605159 43.146475660328,1.31920794841 43.146428693255))"
PLOT02129,CLIENT00308,43.125967,1.334604,1.9,2026-05-13,Maïs semence,False,"POLYGON((1.3337865801935 43.126245811919,1.3345268698816 43.12460139899,1.33567485534 43.126418081192,1.3342157336359 43.126793939739,1.3337865801935 43.126245811919))"
PLOT02130,CLIENT00308,43.325487,1.874262,4.5,2026-05-11,Maïs semence,False,"POLYGON((1.8737362870331 43.325754560479,1.8736289986725 43.325208218776,1.8749593743439 43.325192608941,1.8750022896881 43.325754560479,1.8737362870331 43.325754560479))"
PLOT02131,CLIENT00308,43.88375,1.639624,4.2,2026-05-09,Maïs semence,False,"POLYGON((1.6393557790985 43.883984157917,1.6393772367706 43.883535656498,1.6399565939179 43.883489259606,1.6400209669342 43.883953226893,1.6393557790985 43.883984157917))"
PLOT02132,CLIENT00308,43.191368,1.390358,6,2026-04-27,Maïs semence,False,"POLYGON((1.3899824907379 43.191573573991,1.3898966600494 43.191088604037,1.3909266283112 43.191229402163,1.3909695436554 43.191589218118,1.3899824907379 43.191573573991))"
PLOT02133,CLIENT00308,43.799918,1.750398,5.8,2026-04-30,Maïs semence,False,"POLYGON((1.7499152023773 43.80012151266,1.749850829361 43.799502018935,1.7508807976227 43.799517506356,1.7509022552948 43.80016797443,1.7499152023773 43.80012151266))"
PLOT02134,CLIENT00308,43.804302,1.844032,5.7,2026-04-29,Maïs semence,False,"POLYGON((1.8435062870331 43.804613900513,1.8433989986725 43.804195774395,1.8443431362457 43.804009939626,1.8444933399506 43.80470681703,1.8435062870331 43.804613900513))"
PLOT02135,CLIENT00308,43.144828,1.366814,4.3,2026-05-10,Maïs semence,False,"POLYGON((1.3665672367706 43.144986762502,1.3666101521149 43.144595359595,1.3672109669342 43.144657984228,1.3671895092621 43.144986762502,1.3665672367706 43.144986762502))"
PLOT02136,CLIENT00308,43.220015,2.280757,2.91,2026-04-29,Maïs semence,False,"POLYGON((2.2784093806852 43.219315504239,2.2797769212372 43.218903026159,2.2811609410889 43.219833427867,2.2823278647645 43.220355357004,2.2823707801088 43.220644636199,2.2812335234865 43.220941732322,2.2784093806852 43.219315504239))"
PLOT02137,CLIENT00308,43.199529,1.723807,9.81,2026-04-27,Maïs semence,False,"MULTIPOLYGON(((1.7233456600494 43.199859682674,1.723088167984 43.199187072719,1.7243970859833 43.199155788355,1.7245472896881 43.199828398655,1.7233456600494 43.199859682674)),((1.7217470634766 43.200368045744,1.7216890806041 43.200340703733,1.7217685211487 43.198631772866,1.7270685661621 43.198788195871,1.7269827354736 43.200806016684,1.7257381904907 43.200852941955,1.7239357460327 43.200461896924,1.7217470634766 43.200368045744)))"
PLOT02138,CLIENT00308,43.714002,1.780383,0.8,2026-05-26,Maïs semence,False,"POLYGON((1.7791920991974 43.714407428446,1.7796856256561 43.713554401871,1.7813807817535 43.713538892185,1.7814022394256 43.714469466269,1.7791920991974 43.714407428446))"
PLOT02139,CLIENT00308,43.151503,1.413708,4.1,2026-05-21,Maïs semence,False,"POLYGON((1.4134826944428 43.151583473333,1.4136543558197 43.151333002793,1.41406205159 43.151426929366,1.4137616441803 43.151708708218,1.4134826944428 43.151583473333))"
PLOT02140,CLIENT00308,43.251193,2.078282,0.5,2026-04-29,Maïs semence,False,"POLYGON((2.0776597275086 43.251765647749,2.0772305740662 43.250726330838,2.0788398994751 43.250851362382,2.0790330185242 43.251476516253,2.0776597275086 43.251765647749))"
PLOT02141,CLIENT00308,43.60662,2.00157,1.1,2026-04-30,Maïs semence,False,"POLYGON((2.0013661521149 43.606762020762,2.0012588637543 43.606342512312,2.0019455092621 43.60612498826,2.0021386283112 43.606777558056,2.0013661521149 43.606762020762))"
PLOT02142,CLIENT00308,43.978645,1.603248,3.3,2026-05-09,Maïs semence,False,"POLYGON((1.6028510330658 43.978909666294,1.6028081177216 43.978261147335,1.6040097473602 43.978245706321,1.6040312050324 43.978925107135,1.6028510330658 43.978909666294))"
PLOT02143,CLIENT00308,43.253892,2.249094,0.5,2026-04-27,Maïs semence,False,"POLYGON((2.2488686944428 43.254034850861,2.2489545251312 43.253722287858,2.2492978478851 43.253737916046,2.2493193055573 43.254050478969,2.2488686944428 43.254034850861))"
PLOT02144,CLIENT00308,43.508431,1.787882,0.5,2026-04-23,Maïs semence,False,"POLYGON((1.7874850330658 43.508682190727,1.7884506283111 43.50810637152,1.788429170639 43.508635502888,1.7874850330658 43.508682190727))"
PLOT02145,CLIENT00308,43.505371,1.797862,1,2026-04-23,Maïs semence,False,"POLYGON((1.7972504563446 43.505949033891,1.797314829361 43.505061918606,1.7985593743439 43.504890719418,1.7985379166718 43.505886780613,1.7972504563446 43.505949033891))"
PLOT02146,CLIENT00308,43.191695,1.551484,0.8,2026-04-25,Maïs semence,False,"POLYGON((1.5509153716889 43.192166521093,1.5508509986725 43.19121223098,1.5522457473602 43.191243519417,1.5521813743439 43.192213453008,1.5509153716889 43.192166521093))"
PLOT02147,CLIENT00308,43.25214,2.023185,3.6,2026-04-30,Maïs semence,False,"POLYGON((2.0222515912628 43.252751709955,2.0218224378204 43.252142197771,2.024268612442 43.251751481624,2.024633392868 43.252251597843,2.0222515912628 43.252751709955))"
PLOT02148,CLIENT00308,43.356639,1.890952,2.7,2026-05-02,Maïs semence,False,"POLYGON((1.8903189986725 43.357421276665,1.890061506607 43.356766007897,1.8915635436554 43.356141935826,1.8921214431305 43.356828414752,1.8903189986725 43.357421276665))"
PLOT02149,CLIENT00308,43.254644,2.084526,6.88,2026-04-27,Maïs semence,False,"POLYGON((2.0841826772461 43.256677797702,2.082895216919 43.253474089914,2.0848693227539 43.252973983734,2.0864142751465 43.256693425132,2.0841826772461 43.256677797702))"
PLOT02150,CLIENT00308,43.254386,2.090678,11.66,2026-04-22,Maïs semence,False,"POLYGON((2.0893578743744 43.256216926026,2.0893149590302 43.251731653985,2.0916538452911 43.25109087387,2.0925550675201 43.25574809772,2.0893578743744 43.256216926026))"
PLOT02151,CLIENT00308,43.376786,1.768875,2.5,2026-05-10,Maïs semence,False,"POLYGON((1.7687784404755 43.376819386405,1.7687784404755 43.37669461376,1.769057390213 43.376757000115,1.7689715595245 43.376897369178,1.7687784404755 43.376819386405))"
PLOT02171,CLIENT00308,44.587127,4.938612,2.09,2026-05-09,Maïs semence,False,"POLYGON((4.9383331933612 44.588227897742,4.9373543966183 44.587849589432,4.9385576188186 44.586100609011,4.9397400958085 44.586342151868,4.9383331933612 44.588227897742))"
PLOT02172,CLIENT00308,44.586212,4.847542,2.22,2026-04-27,Maïs semence,False,"POLYGON((4.8467158796234 44.586550353081,4.8465978624268 44.58604986681,4.8487865449829 44.58576714747,4.8489903928681 44.586263815667,4.8518228055878 44.585843558238,4.8521875860138 44.586714633894,4.8514794828339 44.587463442885,4.8507177354737 44.586019302623,4.8469139731027 44.586553287884,4.8467158796234 44.586550353081))"
PLOT02173,CLIENT00308,44.589683,4.772912,1.7,2026-05-16,Maïs semence,False,
PLOT02174,CLIENT00308,44.625454,4.904522,2.73,2026-05-13,Maïs semence,False,"POLYGON((4.9041250330658 44.626288450684,4.9040606600495 44.625769217124,4.9033847433777 44.624455840919,4.905058441803 44.6241656724,4.9056485277863 44.626219728862,4.9041250330658 44.626288450684))"
PLOT02175,CLIENT00308,44.610308,4.85557,2.37,2026-05-19,Maïs semence,False,"POLYGON((4.8545400317383 44.610837157751,4.8542603295864 44.609857145531,4.8569969351959 44.609515805794,4.8570827658844 44.610524007693,4.8545400317383 44.610837157751))"
PLOT02176,CLIENT00308,44.64603,4.796038,1.81,2026-05-14,Maïs semence,False,"MULTIPOLYGON(((4.8018611116365 44.658922269988)),((4.8018799709186 44.658928083014)),((4.8020657348477 44.659058875934)),((4.7963312539792 44.647198921721,4.7950008783078 44.644985308794,4.7951939973569 44.644893709198,4.7963205251431 44.645252473457,4.7969964418149 44.64680200424,4.7965029153561 44.647198921721,4.7963312539792 44.647198921721)))"
PLOT02177,CLIENT00308,44.584579,4.769911,1.6,2026-04-27,Maïs semence,False,"POLYGON((4.7675058777137 44.585557264949,4.7668943340583 44.585243978618,4.7669479782386 44.585129361246,4.7685358459754 44.584869561033,4.7685787613197 44.584724378056,4.7715613777442 44.584006099042,4.7717974121375 44.584220055421,4.7682568962379 44.585297466648,4.7675058777137 44.585557264949))"
PLOT02178,CLIENT00308,44.523519,4.856166,2.09,2026-05-20,Maïs semence,False,"POLYGON((4.8555813622538 44.524446819238,4.855238509413 44.523732147664,4.8555930639172 44.52353695747,4.8553286478731 44.523100884102,4.8568298467312 44.522751285472,4.8572862413589 44.523287335846,4.8572749257896 44.523936998981,4.8555813622538 44.524446819238))"
PLOT02179,CLIENT00308,44.684425,4.793335,4.66,2026-05-20,Maïs semence,False,"POLYGON((4.7935710343933 44.682588743678,4.7937748822784 44.683374457778,4.7941182050324 44.684350864335,4.7947000318035 44.685230285385,4.7947751336559 44.685390473082,4.7942601495251 44.686015963659,4.7923289590344 44.68598545208,4.7922967725262 44.684642926704,4.7925757222637 44.683925883359,4.7930156045422 44.683089825091,4.7934340291485 44.682632126604,4.7935710343933 44.682588743678))"
PLOT02180,CLIENT00308,44.57481,4.899832,0.92,2026-04-18,Maïs semence,False,"POLYGON((4.8990845930748 44.575419131476,4.8999643576317 44.574112259222,4.9005973589592 44.574066403522,4.9001360190086 44.575335064554,4.8990845930748 44.575419131476))"
PLOT02181,CLIENT00308,44.472222,4.788444,1.57,2026-04-27,Maïs semence,False,"POLYGON((4.7877040395872 44.472893483432,4.7876182088987 44.471928831562,4.7893133649961 44.471576653096,4.7896137724058 44.472506859002,4.7877040395872 44.472893483432))"
PLOT02199,CLIENT00308,43.139236,1.701047,2.78,2026-05-21,Maïs semence,False,"POLYGON((1.7000599470825 43.139864500168,1.7001886931152 43.138564923985,1.7019267645569 43.138463148781,1.7023559179993 43.139989759063,1.7007358637543 43.140099360387,1.7000599470825 43.139864500168))"
PLOT02539,CLIENT00308,43.875404,1.419507,16.81,2026-05-27,Maïs semence,False,"POLYGON((1.4168755702571 43.874518201704,1.4176526912176 43.874011320513,1.4175883182013 43.873825703063,1.4183822520697 43.873315252094,1.4186397441351 43.873547275804,1.419154728266 43.873408061687,1.4206138499701 43.873485402903,1.4215365298712 43.87416600128,1.4224592097723 43.874862059762,1.4225450404608 43.875449836148,1.4223090060675 43.876145879635,1.4216652759039 43.87684191499,1.4186397441351 43.877553409395,1.4182035439766 43.877487977016,1.4175920003212 43.8772173005,1.41702337201 43.876880886546,1.4166502646999 43.875918036111,1.4164678744868 43.8749358353,1.4168755702571 43.874518201704))"
PLOT02572,CLIENT00308,43.246176,1.616836,0.21,2026-03-17,Maïs grain *,False,"POLYGON((1.616546369007 43.246420436454,1.6166321996955 43.246029683602,1.6171579126624 43.246060943922,1.6171364549903 43.246482956678,1.616546369007 43.246420436454))"
PLOT02573,CLIENT00308,43.244972,1.615045,0.08,2026-04-20,Maïs grain *,False,"POLYGON((1.6148196944427 43.245083610977,1.614873338623 43.244880415348,1.6152810343933 43.244888230577,1.6152488478851 43.245122686982,1.6148196944427 43.245083610977))"
PLOT02574,CLIENT00308,43.247542,1.665031,0.45,2026-04-23,Maïs grain *,False,"POLYGON((1.66467694841 43.247747384681,1.6646554907379 43.247215971765,1.6655567129669 43.247215971765,1.6655996283112 43.24777864412,1.66467694841 43.247747384681))"
PLOT02575,CLIENT00308,43.28909,1.50648,0.58,2026-05-01,Maïs grain *,False,"POLYGON((1.5059757447052 43.289435815898,1.5061688637543 43.288826670979,1.5069413399505 43.288686098208,1.5071773743439 43.289373339777,1.5059757447052 43.289435815898))"
PLOT02576,CLIENT00308,43.29179,1.505979,0.33,2026-05-02,Maïs grain *,False,"POLYGON((1.5055820330658 43.292057708852,1.5055605753937 43.291604775045,1.5063545092621 43.291542301152,1.5063115939179 43.292057708852,1.5055820330658 43.292057708852))"
PLOT02579,CLIENT00308,43.872431,1.454929,10.5,2026-04-23,Maïs semence,False,"POLYGON((1.45431176 43.87131438,1.45463206 43.87110974,1.45534305 43.87119598,1.45609391 43.87161282,1.45757569 43.87282018,1.4575026 43.87288141,1.45684477 43.87327428,1.45667865 43.87340364,1.45639957 43.873533,1.45510628 43.87437105,1.45198081 43.87141158,1.45271837 43.87121994,1.45398088 43.87110974,1.45431176 43.87131438))"
PLOT02584,CLIENT00308,43.235805,1.654516,4.45,2026-04-20,Maïs grain *,False,"POLYGON((1.6532604194183 43.237105167435,1.6524879432221 43.235854558286,1.6545693374176 43.235276142874,1.654451320221 43.234682088898,1.655180881073 43.234736804638,1.6565756297608 43.236120314878,1.6532604194183 43.237105167435))"
